"cod_mun";"amc";"chave";"estado";"municipio";"polo"
2404606;5048;"IELMO MARINHO (RN)";"RN";"Ielmo Marinho";"Mato Grande"
1501907;2024;"BUJARU (PA)";"PA";"Bujaru";"Moju"
1501204;2015;"BAIAO (PA)";"PA";"Baiao";"Moju"
2922250;10033;"MUQUEM DE SAO FRANCISCO (BA)";"BA";"Muquem de Sao Francisco";"Velho Chico"
1505403;2022;"OUREM (PA)";"PA";"Ourem";"Moju"
1506500;2061;"SANTA ISABEL DO PARA (PA)";"PA";"Santa Isabel do Para";"Moju"
1502756;2024;"CONCORDIA DO PARA (PA)";"PA";"Concordia do Para";"Moju"
2404903;5051;"ITAU (RN)";"RN";"Itau";"Sertão do Apodi"
1500107;2001;"ABAETETUBA (PA)";"PA";"Abaetetuba";"Moju"
1504422;2020;"MARITUBA (PA)";"PA";"Marituba";"Moju"
2405108;5053;"JANDAIRA (RN)";"RN";"Jandaira";"Mato Grande"
2405207;5054;"JANDUIS (RN)";"RN";"Janduis";"Sertão do Apodi"
1500206;2003;"ACARA (PA)";"PA";"Acara";"Moju"
1501600;2021;"BONITO (PA)";"PA";"Bonito";"Moju"
1500800;2010;"ANANINDEUA (PA)";"PA";"Ananindeua";"Moju"
1500958;2011;"AURORA DO PARA (PA)";"PA";"Aurora do Para";"Moju"
1501303;2017;"BARCARENA (PA)";"PA";"Barcarena";"Moju"
1501402;2018;"BELEM (PA)";"PA";"Belem";"Moju"
1501501;2020;"BENEVIDES (PA)";"PA";"Benevides";"Moju"
1505007;2052;"NOVA TIMBOTEUA (PA)";"PA";"Nova Timboteua";"Moju"
1502103;2026;"CAMETA (PA)";"PA";"Cameta";"Moju"
1502301;2028;"CAPITAO POCO (PA)";"PA";"Capitao Poco";"Moju"
1506559;2022;"SANTA LUZIA DO PARA (PA)";"PA";"Santa Luzia do Para";"Moju"
1502400;2029;"CASTANHAL (PA)";"PA";"Castanhal";"Moju"
1503077;2022;"GARRAFAO DO NORTE (PA)";"PA";"Garrafao do Norte";"Moju"
1503309;2039;"IGARAPE MIRI (PA)";"PA";"Igarape-Miri";"Moju"
1503200;2038;"IGARAPE ACU (PA)";"PA";"Igarape-Acu";"Moju"
1503408;2040;"INHANGAPI (PA)";"PA";"Inhangapi";"Moju"
2933406;10335;"WAGNER (BA)";"BA";"Wagner";"Chapada Diamantina"
1503507;2041;"IRITUIA (PA)";"PA";"Irituia";"Moju"
1504604;2049;"MOCAJUBA (PA)";"PA";"Mocajuba";"Moju"
1504703;2011;"MOJU (PA)";"PA";"Moju";"Moju"
1505601;2055;"PEIXE BOI (PA)";"PA";"Peixe-Boi";"Moju"
1506351;2020;"SANTA BARBARA DO PARA (PA)";"PA";"Santa Barbara do Para";"Moju"
1506609;2063;"SANTA MARIA DO PARA (PA)";"PA";"Santa Maria do Para";"Moju"
1507003;2065;"SANTO ANTONIO DO TAUA (PA)";"PA";"Santo Antonio do Taua";"Moju"
1507201;2011;"SAO DOMINGOS DO CAPIM (PA)";"PA";"Sao Domingos do Capim";"Moju"
1507409;2067;"SAO FRANCISCO DO PARA (PA)";"PA";"Sao Francisco do Para";"Moju"
1507607;2068;"SAO MIGUEL DO GUAMA (PA)";"PA";"Sao Miguel do Guama";"Moju"
1507953;2003;"TAILANDIA (PA)";"PA";"Tailandia";"Moju"
1508001;2071;"TOME ACU (PA)";"PA";"Tome-Acu";"Moju"
1508035;2022;"TRACUATEUA (PA)";"PA";"Tracuateua";"Moju"
2406908;5072;"LUCRECIA (RN)";"RN";"Lucrecia";"Sertão do Apodi"
2202505;4039;"CARACOL (PI)";"PI";"Caracol";"Serra da Capivara"
2408805;5090;"PARAZINHO (RN)";"RN";"Parazinho";"Mato Grande"
2410108;5103;"POCO BRANCO (RN)";"RN";"Poco Branco";"Mato Grande"
5200829;16048;"AMARALINA (GO)";"GO";"Amaralina";"Norte"
2411007;5112;"RODOLFO FERNANDES (RN)";"RN";"Rodolfo Fernandes";"Sertão do Apodi"
2202851;4011;"CORONEL JOSE DIAS (PI)";"PI";"Coronel Jose Dias";"Serra da Capivara"
2515807;6165;"SERRA REDONDA (PB)";"PB";"Serra Redonda";"Borborema"
2515906;6166;"SERRARIA (PB)";"PB";"Serraria";"Borborema"
2412005;5120;"SAO GONCALO DO AMARANTE (RN)";"RN";"Sao Goncalo do Amarante";"Mato Grande"
3170909;11320;"VARZELANDIA (MG)";"MG";"Varzelandia";"Entorno do Rio São Francisco"
3170800;11708;"VARZEA DA PALMA (MG)";"MG";"Varzea da Palma";"Montes Claros"
2200707;4011;"ANISIO DE ABREU (PI)";"PI";"Anisio de Abreu";"Serra da Capivara"
3171006;11709;"VAZANTE (MG)";"MG";"Vazante";"Noroeste"
3171030;11320;"VERDELANDIA (MG)";"MG";"Verdelandia";"Janaúba"
2203354;4011;"DIRCEU ARCOVERDE (PI)";"PI";"Dirceu Arcoverde";"Serra da Capivara"
2210607;4011;"SAO RAIMUNDO NONATO (PI)";"PI";"Sao Raimundo Nonato";"Serra da Capivara"
4322509;15002;"VACARIA (RS)";"RS";"Vacaria";"Nordeste"
4322533;15035;"VALE DO SOL (RS)";"RS";"Vale do Sol";"Centro do RS"
5005103;1089;"JATEI (MS)";"MS";"Jatei";"Vale do Ininhema/Cone Sul"
2201929;4011;"BONFIM DO PIAUI (PI)";"PI";"Bonfim do Piaui";"Serra da Capivara"
5004908;1087;"JARAGUARI (MS)";"MS";"Jaraguari";"Centro do MS"
2504900;6062;"CRUZ DO ESPIRITO SANTO (PB)";"PB";"Cruz do Espirito Santo";"Mata Norte"
5208608;16119;"GOIANESIA (GO)";"GO";"Goianesia";"Norte"
5209150;16122;"GOUVELANDIA (GO)";"GO";"Gouvelandia";"Morrinhos - GO"
5209101;16121;"GOIATUBA (GO)";"GO";"Goiatuba";"Morrinhos - GO"
2203453;4011;"DOM INOCENCIO (PI)";"PI";"Dom Inocencio";"Serra da Capivara"
2203750;4011;"FARTURA DO PIAUI (PI)";"PI";"Fartura do Piaui";"Serra da Capivara"
2204550;4039;"GUARIBAS (PI)";"PI";"Guaribas";"Serra da Capivara"
2205359;4034;"JOAO COSTA (PI)";"PI";"Joao Costa";"Serra da Capivara"
2205532;4011;"JUREMA (PI)";"PI";"Jurema";"Serra da Capivara"
2413607;5136;"SEVERIANO MELO (RN)";"RN";"Severiano Melo";"Sertão do Apodi"
2209559;4011;"SAO BRAZ DO PIAUI (PI)";"PI";"Sao Braz do Piaui";"Serra da Capivara"
2210359;4011;"SAO LOURENCO DO PIAUI (PI)";"PI";"Sao Lourenco do Piaui";"Serra da Capivara"
2413805;5138;"TABOLEIRO GRANDE (RN)";"RN";"Taboleiro Grande";"Sertão do Apodi"
2211357;4011;"VARZEA BRANCA (PI)";"PI";"Varzea Branca";"Serra da Capivara"
2300408;4100;"AIUABA (CE)";"CE";"Aiuaba";"Inhamuns Crateus"
2301257;4110;"ARARENDA (CE)";"CE";"Ararenda";"Inhamuns Crateus"
2301505;4113;"ARNEIROZ (CE)";"CE";"Arneiroz";"Inhamuns Crateus"
2301851;4117;"BANABUIU (CE)";"CE";"Banabuiu";"Sertão Central-Quixadá"
2302404;4124;"BOA VIAGEM (CE)";"CE";"Boa Viagem";"Sertão de Canindé"
2302800;4127;"CANINDE (CE)";"CE";"Caninde";"Sertão de Canindé"
2303006;4129;"CARIDADE (CE)";"CE";"Caridade";"Sertão de Canindé"
2303659;4136;"CATUNDA (CE)";"CE";"Catunda";"Inhamuns Crateus"
2303931;4117;"CHORO (CE)";"CE";"Choro";"Sertão Central-Quixadá"
2304103;4142;"CRATEUS (CE)";"CE";"Crateus";"Inhamuns Crateus"
2304269;4145;"DEPUTADO IRAPUAN PINHEIRO (CE)";"CE";"Deputado Irapuan Pinheiro";"Sertão Central/Sen. Pompeu"
2305209;4158;"HIDROLANDIA (CE)";"CE";"Hidrolandia";"Inhamuns Crateus"
2305266;4117;"IBARETAMA (CE)";"CE";"Ibaretama";"Sertão Central-Quixadá"
2305605;4163;"INDEPENDENCIA (CE)";"CE";"Independencia";"Inhamuns Crateus"
2305654;4110;"IPAPORANGA (CE)";"CE";"Ipaporanga";"Inhamuns Crateus"
2305803;4165;"IPU (CE)";"CE";"Ipu";"Inhamuns Crateus"
2305902;4166;"IPUEIRAS (CE)";"CE";"Ipueiras";"Inhamuns Crateus"
2306603;4172;"ITATIRA (CE)";"CE";"Itatira";"Sertão de Canindé"
2413904;5139;"TAIPU (RN)";"RN";"Taipu";"Mato Grande"
2307635;4183;"MADALENA (CE)";"CE";"Madalena";"Sertão de Canindé"
2308351;4145;"MILHA (CE)";"CE";"Milha";"Sertão Central/Sen. Pompeu"
2308500;4192;"MOMBACA (CE)";"CE";"Mombaca";"Sertão Central/Sen. Pompeu"
2308609;4193;"MONSENHOR TABOSA (CE)";"CE";"Monsenhor Tabosa";"Inhamuns Crateus"
2309300;4110;"NOVA RUSSAS (CE)";"CE";"Nova Russas";"Inhamuns Crateus"
2309409;4199;"NOVO ORIENTE (CE)";"CE";"Novo Oriente";"Inhamuns Crateus"
2412559;5126;"SAO MIGUEL DO GOSTOSO (RN)";"RN";"Sao Miguel do Gostoso";"Mato Grande"
2310308;4206;"PARAMBU (CE)";"CE";"Parambu";"Inhamuns Crateus"
2310407;4207;"PARAMOTI (CE)";"CE";"Paramoti";"Sertão de Canindé"
2310506;4208;"PEDRA BRANCA (CE)";"CE";"Pedra Branca";"Sertão Central/Sen. Pompeu"
2401008;5010;"APODI (RN)";"RN";"Apodi";"Sertão do Apodi"
2312700;4224;"SENADOR POMPEU (CE)";"CE";"Senador Pompeu";"Sertão Central/Sen. Pompeu"
2313005;4145;"SOLONOPOLE (CE)";"CE";"Solonopole";"Sertão Central/Sen. Pompeu"
2412708;5127;"SAO PEDRO (RN)";"RN";"Sao Pedro";"Mato Grande"
2310902;4211;"PIQUET CARNEIRO (CE)";"CE";"Piquet Carneiro";"Sertão Central/Sen. Pompeu"
2310951;4165;"PIRES FERREIRA (CE)";"CE";"Pires Ferreira";"Inhamuns Crateus"
2311009;4212;"PORANGA (CE)";"CE";"Poranga";"Inhamuns Crateus"
2311264;4163;"QUITERIANOPOLIS (CE)";"CE";"Quiterianopolis";"Inhamuns Crateus"
2311306;4117;"QUIXADA (CE)";"CE";"Quixada";"Sertão Central-Quixadá"
2311405;4183;"QUIXERAMOBIM (CE)";"CE";"Quixeramobim";"Sertão Central-Quixadá"
2312205;4136;"SANTA QUITERIA (CE)";"CE";"Santa Quiteria";"Inhamuns Crateus"
2313203;4227;"TAMBORIL (CE)";"CE";"Tamboril";"Inhamuns Crateus"
2313302;4228;"TAUA (CE)";"CE";"Taua";"Inhamuns Crateus"
2401305;5012;"AUGUSTO SEVERO (RN)";"RN";"Augusto Severo";"Sertão do Apodi"
2400604;5006;"ALMINO AFONSO (RN)";"RN";"Almino Afonso";"Sertão do Apodi"
2401602;5016;"BENTO FERNANDES (RN)";"RN";"Bento Fernandes";"Mato Grande"
2401701;5018;"BOM JESUS (RN)";"RN";"Bom Jesus";"Mato Grande"
2401859;5020;"CAICARA DO NORTE (RN)";"RN";"Caicara do Norte";"Mato Grande"
2403608;5038;"EXTREMOZ (RN)";"RN";"Extremoz";"Mato Grande"
2403707;5039;"FELIPE GUERRA (RN)";"RN";"Felipe Guerra";"Sertão do Apodi"
2402303;5025;"CARAUBAS (RN)";"RN";"Caraubas";"Sertão do Apodi"
2402600;5027;"CEARA MIRIM (RN)";"RN";"Ceara-Mirim";"Mato Grande"
2404002;5042;"FRUTUOSO GOMES (RN)";"RN";"Frutuoso Gomes";"Sertão do Apodi"
2404309;5045;"GOVERNADOR DIX SEPT ROSADO (RN)";"RN";"Governador Dix-Sept Rosado";"Sertão do Apodi"
2405801;5060;"JOAO CAMARA (RN)";"RN";"Joao Camara";"Mato Grande"
2407104;5074;"MACAIBA (RN)";"RN";"Macaiba";"Mato Grande"
2407401;5077;"MARTINS (RN)";"RN";"Martins";"Sertão do Apodi"
2407500;5078;"MAXARANGUAPE (RN)";"RN";"Maxaranguape";"Mato Grande"
2407609;5079;"MESSIAS TARGINO (RN)";"RN";"Messias Targino";"Sertão do Apodi"
2409308;5094;"PATU (RN)";"RN";"Patu";"Sertão do Apodi"
2408409;5086;"OLHO D AGUA DO BORGES (RN)";"RN";"Olho-D'agua do Borges";"Sertão do Apodi"
2408706;5089;"PARAU (RN)";"RN";"Parau";"Sertão do Apodi"
2408953;5078;"RIO DO FOGO (RN)";"RN";"Rio do Fogo";"Mato Grande"
2409332;5095;"SANTA MARIA (RN)";"RN";"Santa Maria";"Mato Grande"
2409506;5097;"PEDRA GRANDE (RN)";"RN";"Pedra Grande";"Mato Grande"
2410207;5104;"PORTALEGRE (RN)";"RN";"Portalegre";"Sertão do Apodi"
2410405;5106;"PUREZA (RN)";"RN";"Pureza";"Mato Grande"
2410603;5108;"RAFAEL GODEIRO (RN)";"RN";"Rafael Godeiro";"Sertão do Apodi"
2410702;5109;"RIACHO DA CRUZ (RN)";"RN";"Riacho da Cruz";"Sertão do Apodi"
2411601;5020;"SAO BENTO DO NORTE (RN)";"RN";"Sao Bento do Norte";"Mato Grande"
2414407;5126;"TOUROS (RN)";"RN";"Touros";"Mato Grande"
2414456;5012;"TRIUNFO POTIGUAR (RN)";"RN";"Triunfo Potiguar";"Sertão do Apodi"
2414506;5144;"UMARIZAL (RN)";"RN";"Umarizal";"Sertão do Apodi"
2414605;5145;"UPANEMA (RN)";"RN";"Upanema";"Sertão do Apodi"
2414902;5147;"VICOSA (RN)";"RN";"Vicosa";"Sertão do Apodi"
2500304;6003;"ALAGOA GRANDE (PB)";"PB";"Alagoa Grande";"Borborema"
2500403;6004;"ALAGOA NOVA (PB)";"PB";"Alagoa Nova";"Borborema"
2500577;6007;"ALGODAO DE JANDAIRA (PB)";"PB";"Algodao de Jandaira";"Borborema"
2500908;6013;"ARARA (PB)";"PB";"Arara";"Borborema"
2501104;6015;"AREIA (PB)";"PB";"Areia";"Borborema"
2501203;6017;"AREIAL (PB)";"PB";"Areial";"Borborema"
2501401;6020;"BAIA DA TRAICAO (PB)";"PB";"Baia da Traicao";"Mata Norte"
2502706;6035;"BORBOREMA (PB)";"PB";"Borborema";"Borborema"
2512762;6138;"RIACHAO DO POCO (PB)";"PB";"Riachao do Poco";"Mata Norte"
2503605;6045;"CAICARA (PB)";"PB";"Caicara";"Mata Norte"
2503803;6048;"CALDAS BRANDAO (PB)";"PB";"Caldas Brandao";"Mata Norte"
2504009;6030;"CAMPINA GRANDE (PB)";"PB";"Campina Grande";"Borborema"
2504033;6050;"CAPIM (PB)";"PB";"Capim";"Mata Norte"
2504157;6053;"CASSERENGUE (PB)";"PB";"Casserengue";"Borborema"
2505238;6050;"CUITE DE MAMANGUAPE (PB)";"PB";"Cuite de Mamanguape";"Mata Norte"
2505279;6050;"CURRAL DE CIMA (PB)";"PB";"Curral de Cima";"Mata Norte"
2506004;6072;"ESPERANCA (PB)";"PB";"Esperanca";"Borborema"
2507101;6083;"ITAPOROROCA (PB)";"PB";"Itapororoca";"Mata Norte"
2507309;6085;"JACARAU (PB)";"PB";"Jacarau";"Mata Norte"
2508208;6093;"LAGOA DE DENTRO (PB)";"PB";"Lagoa de Dentro";"Mata Norte"
2508307;6094;"LAGOA SECA (PB)";"PB";"Lagoa Seca";"Borborema"
2508554;6045;"LOGRADOURO (PB)";"PB";"Logradouro";"Mata Norte"
2508604;6097;"LUCENA (PB)";"PB";"Lucena";"Mata Norte"
2508901;6050;"MAMANGUAPE (PB)";"PB";"Mamanguape";"Mata Norte"
2509057;6101;"MARCACAO (PB)";"PB";"Marcacao";"Mata Norte"
2509107;6102;"MARI (PB)";"PB";"Mari";"Mata Norte"
2509206;6103;"MASSARANDUBA (PB)";"PB";"Massaranduba";"Borborema"
2509305;6104;"MATARACA (PB)";"PB";"Mataraca";"Mata Norte"
2509339;6004;"MATINHAS (PB)";"PB";"Matinhas";"Borborema"
2509503;6107;"MONTADAS (PB)";"PB";"Montadas";"Borborema"
2512705;6007;"REMIGIO (PB)";"PB";"Remigio";"Borborema"
2511608;6127;"PILOES (PB)";"PB";"Piloes";"Borborema"
2512721;6085;"PEDRO REGIS (PB)";"PB";"Pedro Regis";"Mata Norte"
2512408;6135;"PUXINANA (PB)";"PB";"Puxinana";"Borborema"
2512903;6101;"RIO TINTO (PB)";"PB";"Rio Tinto";"Mata Norte"
2513703;6148;"SANTA RITA (PB)";"PB";"Santa Rita";"Mata Norte"
2515104;6160;"SAO SEBASTIAO DE LAGOA DE ROCA (PB)";"PB";"Sao Sebastiao de Lagoa de Roca";"Borborema"
2515971;6138;"SOBRADO (PB)";"PB";"Sobrado";"Mata Norte"
2515302;6138;"SAPE (PB)";"PB";"Sape";"Mata Norte"
2516003;6053;"SOLANEA (PB)";"PB";"Solanea";"Borborema"
2600104;7002;"AFOGADOS DA INGAZEIRA (PE)";"PE";"Afogados da Ingazeira";"Sertão do Pajeú"
2600203;7003;"AFRANIO (PE)";"PE";"Afranio";"Sertão do São Francisco"
2600609;7007;"ALAGOINHA (PE)";"PE";"Alagoinha";"Agreste Pesqueira"
2603009;7032;"CABROBO (PE)";"PE";"Cabrobo";"Sertão do São Francisco"
2601102;7013;"ARARIPINA (PE)";"PE";"Araripina";"Sertão do Araripe"
2601201;7014;"ARCOVERDE (PE)";"PE";"Arcoverde";"Sertão do Pajeú"
2602506;7027;"BREJINHO (PE)";"PE";"Brejinho";"Sertão do Pajeú"
2601706;7019;"BELO JARDIM (PE)";"PE";"Belo Jardim";"Agreste Pesqueira"
2603405;7036;"CALUMBI (PE)";"PE";"Calumbi";"Sertão do Pajeú"
2601805;7020;"BETANIA (PE)";"PE";"Betania";"Sertão do Pajeú"
2602001;7022;"BODOCO (PE)";"PE";"Bodoco";"Sertão do Araripe"
2602605;7028;"BREJO DA MADRE DE DEUS (PE)";"PE";"Brejo da Madre de Deus";"Agreste Pesqueira"
2602803;7030;"BUIQUE (PE)";"PE";"Buique";"Agreste Pesqueira"
2603900;7042;"CARNAIBA (PE)";"PE";"Carnaiba";"Sertão do Pajeú"
2605103;7056;"CUSTODIA (PE)";"PE";"Custodia";"Sertão do Pajeú"
2605152;7057;"DORMENTES (PE)";"PE";"Dormentes";"Sertão do São Francisco"
2605301;7059;"EXU (PE)";"PE";"Exu";"Sertão do Araripe"
2605608;7063;"FLORES (PE)";"PE";"Flores";"Sertão do Pajeú"
2606309;7069;"GRANITO (PE)";"PE";"Granito";"Sertão do Araripe"
2606606;7072;"IBIMIRIM (PE)";"PE";"Ibimirim";"Sertão do Pajeú"
2606903;7074;"IGUARACI (PE)";"PE";"Iguaraci";"Sertão do Pajeú"
2607000;7075;"INAJA (PE)";"PE";"Inaja";"Sertão do Pajeú"
2607109;7076;"INGAZEIRA (PE)";"PE";"Ingazeira";"Sertão do Pajeú"
2607307;7078;"IPUBI (PE)";"PE";"Ipubi";"Sertão do Araripe"
2607703;7083;"ITAPETIM (PE)";"PE";"Itapetim";"Sertão do Pajeú"
2608750;7096;"LAGOA GRANDE (PE)";"PE";"Lagoa Grande";"Sertão do São Francisco"
2609303;7101;"MIRANDIBA (PE)";"PE";"Mirandiba";"Sertão do Pajeú"
2609808;7106;"OROCO (PE)";"PE";"Oroco";"Sertão do São Francisco"
2609907;7107;"OURICURI (PE)";"PE";"Ouricuri";"Sertão do Araripe"
2610400;7112;"PARNAMIRIM (PE)";"PE";"Parnamirim";"Sertão do Araripe"
2610806;7115;"PEDRA (PE)";"PE";"Pedra";"Agreste Pesqueira"
2610905;7116;"PESQUEIRA (PE)";"PE";"Pesqueira";"Agreste Pesqueira"
2611200;7117;"POCAO (PE)";"PE";"Pocao";"Agreste Pesqueira"
2611101;7057;"PETROLINA (PE)";"PE";"Petrolina";"Sertão do São Francisco"
2611533;7042;"QUIXABA (PE)";"PE";"Quixaba";"Sertão do Pajeú"
2613503;7140;"SAO JOSE DO BELMONTE (PE)";"PE";"Sao Jose do Belmonte";"Sertão do Pajeú"
2613602;7141;"SAO JOSE DO EGITO (PE)";"PE";"Sao Jose do Egito";"Sertão do Pajeú"
2612208;7127;"SALGUEIRO (PE)";"PE";"Salgueiro";"Sertão do Pajeú"
2612406;7129;"SANHARO (PE)";"PE";"Sanharo";"Agreste Pesqueira"
2612455;7107;"SANTA CRUZ (PE)";"PE";"Santa Cruz";"Sertão do Araripe"
2612471;7130;"SANTA CRUZ DA BAIXA VERDE (PE)";"PE";"Santa Cruz da Baixa Verde";"Sertão do Pajeú"
2612554;7107;"SANTA FILOMENA (PE)";"PE";"Santa Filomena";"Sertão do Araripe"
2612604;7096;"SANTA MARIA DA BOA VISTA (PE)";"PE";"Santa Maria da Boa Vista";"Sertão do São Francisco"
2612802;7133;"SANTA TEREZINHA (PE)";"PE";"Santa Terezinha";"Sertão do Pajeú"
2613909;7143;"SERRA TALHADA (PE)";"PE";"Serra Talhada";"Sertão do Pajeú"
2614105;7145;"SERTANIA (PE)";"PE";"Sertania";"Sertão do Pajeú"
2614303;7147;"MOREILANDIA (PE)";"PE";"Moreilandia";"Sertão do Araripe"
2614402;7148;"SOLIDAO (PE)";"PE";"Solidao";"Sertão do Pajeú"
2614600;7149;"TABIRA (PE)";"PE";"Tabira";"Sertão do Pajeú"
2615607;7158;"TRINDADE (PE)";"PE";"Trindade";"Sertão do Araripe"
2615706;7130;"TRIUNFO (PE)";"PE";"Triunfo";"Sertão do Pajeú"
2615805;7159;"TUPANATINGA (PE)";"PE";"Tupanatinga";"Agreste Pesqueira"
2615904;7160;"TUPARETAMA (PE)";"PE";"Tuparetama";"Sertão do Pajeú"
2616001;7161;"VENTUROSA (PE)";"PE";"Venturosa";"Agreste Pesqueira"
2900108;10001;"ABAIRA (BA)";"BA";"Abaira";"Chapada Diamantina"
2907509;10089;"CATU (BA)";"BA";"Catu";"Agreste Alagoinhas/Litoral Norte"
2910701;10079;"EUCLIDES DA CUNHA (BA)";"BA";"Euclides da Cunha";"Semi-Árido Nordeste II"
2910503;10119;"ENTRE RIOS (BA)";"BA";"Entre Rios";"Agreste Alagoinhas/Litoral Norte"
2910602;10120;"ESPLANADA (BA)";"BA";"Esplanada";"Agreste Alagoinhas/Litoral Norte"
2900355;10004;"ADUSTINA (BA)";"BA";"Adustina";"Semi-Árido Nordeste II"
2900405;10005;"AGUA FRIA (BA)";"BA";"agua Fria";"Portal do Sertão"
2900702;10008;"ALAGOINHAS (BA)";"BA";"Alagoinhas";"Agreste Alagoinhas/Litoral Norte"
2901106;10012;"AMELIA RODRIGUES (BA)";"BA";"Amelia Rodrigues";"Portal do Sertão"
2901155;10013;"AMERICA DOURADA (BA)";"BA";"America Dourada";"Irecê"
2901304;10015;"ANDARAI (BA)";"BA";"Andarai";"Chapada Diamantina"
2914505;10161;"IRARA (BA)";"BA";"Irara";"Portal do Sertão"
2901502;10018;"ANGUERA (BA)";"BA";"Anguera";"Portal do Sertão"
2901700;10020;"ANTONIO CARDOSO (BA)";"BA";"Antonio Cardoso";"Portal do Sertão"
2914604;10013;"IRECE (BA)";"BA";"Irece";"Irecê"
2902203;10026;"ARAMARI (BA)";"BA";"Aramari";"Agreste Alagoinhas/Litoral Norte"
2902005;10024;"ARACATU (BA)";"BA";"Aracatu";"Sertão Produtivo"
2902104;10025;"ARACI (BA)";"BA";"Araci";"Semi-Árido Nordeste II"
2905008;10061;"CACULE (BA)";"BA";"Cacule";"Sertão Produtivo"
2902302;10028;"ARATUIPE (BA)";"BA";"Aratuipe";"Baixo Sul"
2902807;10034;"BARRA DA ESTIVA (BA)";"BA";"Barra da Estiva";"Chapada Diamantina"
2902708;10033;"BARRA (BA)";"BA";"Barra";"Velho Chico"
2903003;10036;"BARRA DO MENDES (BA)";"BA";"Barra do Mendes";"Irecê"
2904001;10049;"BONINAL (BA)";"BA";"Boninal";"Chapada Diamantina"
2903235;10039;"BARRO ALTO (BA)";"BA";"Barro Alto";"Chapada Diamantina"
2904050;10050;"BONITO (BA)";"BA";"Bonito";"Chapada Diamantina"
2903508;10043;"BELO CAMPO (BA)";"BA";"Belo Campo";"Sertão Produtivo"
2904209;10052;"BOTUPORA (BA)";"BA";"Botupora";"Sertão Produtivo"
2904506;10055;"BROTAS DE MACAUBAS (BA)";"BA";"Brotas de Macaubas";"Velho Chico"
2903904;10047;"BOM JESUS DA LAPA (BA)";"BA";"Bom Jesus da Lapa";"Velho Chico"
2903953;10048;"BOM JESUS DA SERRA (BA)";"BA";"Bom Jesus da Serra";"Sertão Produtivo"
2904605;10056;"BRUMADO (BA)";"BA";"Brumado";"Sertão Produtivo"
2911709;10132;"GUANAMBI (BA)";"BA";"Guanambi";"Sertão Produtivo"
2911857;10134;"HELIOPOLIS (BA)";"BA";"Heliopolis";"Semi-Árido Nordeste II"
2905206;10063;"CAETITE (BA)";"BA";"Caetite";"Sertão Produtivo"
2905305;10064;"CAFARNAUM (BA)";"BA";"Cafarnaum";"Irecê"
2905404;10065;"CAIRU (BA)";"BA";"Cairu";"Baixo Sul"
2905800;10069;"CAMAMU (BA)";"BA";"Camamu";"Baixo Sul"
2910750;10092;"FATIMA (BA)";"BA";"Fatima";"Semi-Árido Nordeste II"
2906006;10071;"CAMPO FORMOSO (BA)";"BA";"Campo Formoso";"Chapada Diamantina"
2906204;10039;"CANARANA (BA)";"BA";"Canarana";"Irecê"
2927507;10284;"SANTA BARBARA (BA)";"BA";"Santa Barbara";"Portal do Sertão"
2907103;10085;"CARINHANHA (BA)";"BA";"Carinhanha";"Velho Chico"
2907608;10090;"CENTRAL (BA)";"BA";"Central";"Irecê"
2906501;10075;"CANDEIAS (BA)";"BA";"Candeias";"Portal do Sertão"
2906600;10076;"CANDIBA (BA)";"BA";"Candiba";"Sertão Produtivo"
2917300;10191;"ITUBERA (BA)";"BA";"Itubera";"Baixo Sul"
2908200;10096;"CONCEICAO DA FEIRA (BA)";"BA";"Conceicao da Feira";"Portal do Sertão"
2908507;10099;"CONCEICAO DO JACUIPE (BA)";"BA";"Conceicao do Jacuipe";"Portal do Sertão"
2908804;10102;"CONTENDAS DO SINCORA (BA)";"BA";"Contendas do Sincora";"Sertão Produtivo"
2919306;10211;"LENCOIS (BA)";"BA";"Lencois";"Chapada Diamantina"
2918357;10013;"JOAO DOURADO (BA)";"BA";"Joao Dourado";"Irecê"
2910107;10115;"DOM BASILIO (BA)";"BA";"Dom Basilio";"Sertão Produtivo"
2910776;10085;"FEIRA DA MATA (BA)";"BA";"Feira da Mata";"Velho Chico"
2910800;10122;"FEIRA DE SANTANA (BA)";"BA";"Feira de Santana";"Portal do Sertão"
2911204;10127;"GANDU (BA)";"BA";"Gandu";"Baixo Sul"
2912004;10136;"IBIASSUCE (BA)";"BA";"Ibiassuce";"Sertão Produtivo"
2911303;10128;"GENTIO DO OURO (BA)";"BA";"Gentio do Ouro";"Irecê"
2912202;10138;"IBICOARA (BA)";"BA";"Ibicoara";"Chapada Diamantina"
2912400;10140;"IBIPEBA (BA)";"BA";"Ibipeba";"Irecê"
2913002;10146;"IBITIARA (BA)";"BA";"Ibitiara";"Chapada Diamantina"
2913101;10147;"IBITITA (BA)";"BA";"Ibitita";"Irecê"
2913200;10148;"IBOTIRAMA (BA)";"BA";"Ibotirama";"Velho Chico"
2913408;10150;"IGAPORA (BA)";"BA";"Igapora";"Velho Chico"
2913457;10069;"IGRAPIUNA (BA)";"BA";"Igrapiuna";"Baixo Sul"
2913804;10154;"IPECAETA (BA)";"BA";"Ipecaeta";"Portal do Sertão"
2913705;10153;"INHAMBUPE (BA)";"BA";"Inhambupe";"Agreste Alagoinhas/Litoral Norte"
2919504;10213;"LIVRAMENTO DE NOSSA SENHORA (BA)";"BA";"Livramento de Nossa Senhora";"Sertão Produtivo"
2919603;10214;"MACAJUBA (BA)";"BA";"Macajuba";"Chapada Diamantina"
2914109;10157;"IPUPIARA (BA)";"BA";"Ipupiara";"Irecê"
2914000;10156;"IPIRA (BA)";"BA";"Ipira";"Portal do Sertão"
2914406;10160;"IRAQUARA (BA)";"BA";"Iraquara";"Chapada Diamantina"
2915007;10166;"ITAETE (BA)";"BA";"Itaete";"Chapada Diamantina"
2915700;10174;"ITAMARI (BA)";"BA";"Itamari";"Baixo Sul"
2915353;10170;"ITAGUACU DA BAHIA (BA)";"BA";"Itaguacu da Bahia";"Irecê"
2923100;10250;"OLINDINA (BA)";"BA";"Olindina";"Semi-Árido Nordeste II"
3153400;11396;"PRESIDENTE OLEGARIO (MG)";"MG";"Presidente Olegario";"Noroeste"
2916500;10182;"ITAPICURU (BA)";"BA";"Itapicuru";"Agreste Alagoinhas/Litoral Norte"
2917201;10190;"ITUACU (BA)";"BA";"Ituacu";"Sertão Produtivo"
2920205;10192;"MALHADA (BA)";"BA";"Malhada";"Velho Chico"
2920304;10222;"MALHADA DE PEDRAS (BA)";"BA";"Malhada de Pedras";"Sertão Produtivo"
2920601;10225;"MARAGOGIPE (BA)";"BA";"Maragogipe";"Baixo Sul"
2917334;10192;"IUIU (BA)";"BA";"Iuiu";"Sertão Produtivo"
2917805;10195;"JAGUARIPE (BA)";"BA";"Jaguaripe";"Baixo Sul"
2918605;10203;"JUSSIAPE (BA)";"BA";"Jussiape";"Chapada Diamantina"
2923407;10253;"PALMAS DE MONTE ALTO (BA)";"BA";"Palmas de Monte Alto";"Sertão Produtivo"
2918506;10202;"JUSSARA (BA)";"BA";"Jussara";"Irecê"
2920809;10227;"MARCIONILIO SOUZA (BA)";"BA";"Marcionilio Souza";"Chapada Diamantina"
2918753;10063;"LAGOA REAL (BA)";"BA";"Lagoa Real";"Sertão Produtivo"
2918803;10205;"LAJE (BA)";"BA";"Laje";"Baixo Sul"
2930402;10310;"SERRA PRETA (BA)";"BA";"Serra Preta";"Portal do Sertão"
2919009;10207;"LAJEDINHO (BA)";"BA";"Lajedinho";"Chapada Diamantina"
2919157;10013;"LAPAO (BA)";"BA";"Lapao";"Irecê"
2921054;10230;"MATINA (BA)";"BA";"Matina";"Velho Chico"
2921203;10232;"MIGUEL CALMON (BA)";"BA";"Miguel Calmon";"Chapada Diamantina"
2921609;10236;"MORPARA (BA)";"BA";"Morpara";"Velho Chico"
2922409;10242;"MUTUIPE (BA)";"BA";"Mutuipe";"Baixo Sul"
2921708;10050;"MORRO DO CHAPEU (BA)";"BA";"Morro do Chapeu";"Chapada Diamantina"
2922052;10064;"MULUNGU DO MORRO (BA)";"BA";"Mulungu do Morro";"Chapada Diamantina"
2922201;10241;"MUNIZ FERREIRA (BA)";"BA";"Muniz Ferreira";"Baixo Sul"
2922508;10243;"NAZARE (BA)";"BA";"Nazare";"Baixo Sul"
2922607;10244;"NILO PECANHA (BA)";"BA";"Nilo Pecanha";"Baixo Sul"
2922854;10015;"NOVA REDENCAO (BA)";"BA";"Nova Redencao";"Chapada Diamantina"
2923035;10146;"NOVO HORIZONTE (BA)";"BA";"Novo Horizonte";"Chapada Diamantina"
2922755;10127;"NOVA IBIA (BA)";"BA";"Nova Ibia";"Baixo Sul"
2923209;10251;"OLIVEIRA DOS BREJINHOS (BA)";"BA";"Oliveira dos Brejinhos";"Velho Chico"
2923357;10081;"OUROLANDIA (BA)";"BA";"Ourolandia";"Chapada Diamantina"
2923506;10254;"PALMEIRAS (BA)";"BA";"Palmeiras";"Chapada Diamantina"
2929255;10013;"SAO GABRIEL (BA)";"BA";"Sao Gabriel";"Irecê"
2923704;10256;"PARATINGA (BA)";"BA";"Paratinga";"Velho Chico"
2923803;10004;"PARIPIRANGA (BA)";"BA";"Paripiranga";"Semi-Árido Nordeste II"
2924306;10261;"PIATA (BA)";"BA";"Piata";"Chapada Diamantina"
2924504;10263;"PINDAI (BA)";"BA";"Pindai";"Sertão Produtivo"
2924678;10191;"PIRAI DO NORTE (BA)";"BA";"Pirai do Norte";"Baixo Sul"
2926400;10230;"RIACHO DE SANTANA (BA)";"BA";"Riacho de Santana";"Velho Chico"
2925600;10271;"PRESIDENTE DUTRA (BA)";"BA";"Presidente Dutra";"Irecê"
2926608;10032;"RIBEIRA DO POMBAL (BA)";"BA";"Ribeira do Pombal";"Semi-Árido Nordeste II"
2925758;10272;"PRESIDENTE TANCREDO NEVES (BA)";"BA";"Presidente Tancredo Neves";"Baixo Sul"
2926806;10278;"RIO DO ANTONIO (BA)";"BA";"Rio do Antonio";"Sertão Produtivo"
2931905;10323;"TUCANO (BA)";"BA";"Tucano";"Semi-Árido Nordeste II"
2926707;10277;"RIO DE CONTAS (BA)";"BA";"Rio de Contas";"Chapada Diamantina"
2927002;10280;"RIO REAL (BA)";"BA";"Rio Real";"Agreste Alagoinhas/Litoral Norte"
2927200;10282;"RUY BARBOSA (BA)";"BA";"Ruy Barbosa";"Chapada Diamantina"
2932408;10328;"UIBAI (BA)";"BA";"Uibai";"Irecê"
2928604;10292;"SANTO AMARO (BA)";"BA";"Santo Amaro";"Portal do Sertão"
2928802;10294;"SANTO ESTEVAO (BA)";"BA";"Santo Estevao";"Portal do Sertão"
2929206;10299;"SAO FRANCISCO DO CONDE (BA)";"BA";"Sao Francisco do Conde";"Portal do Sertão"
2929701;10304;"SATIRO DIAS (BA)";"BA";"Satiro Dias";"Agreste Alagoinhas/Litoral Norte"
2929909;10306;"SEABRA (BA)";"BA";"Seabra";"Chapada Diamantina"
2930006;10307;"SEBASTIAO LARANJEIRAS (BA)";"BA";"Sebastiao Laranjeiras";"Sertão Produtivo"
2930154;10047;"SERRA DO RAMALHO (BA)";"BA";"Serra do Ramalho";"Velho Chico"
2930758;10047;"SITIO DO MATO (BA)";"BA";"Sitio do Mato";"Velho Chico"
2930808;10313;"SOUTO SOARES (BA)";"BA";"Souto Soares";"Chapada Diamantina"
2931004;10315;"TANHACU (BA)";"BA";"Tanhacu";"Sertão Produtivo"
2931103;10316;"TANQUINHO (BA)";"BA";"Tanquinho";"Portal do Sertão"
2931202;10317;"TAPEROA (BA)";"BA";"Taperoa";"Baixo Sul"
2932804;10331;"UTINGA (BA)";"BA";"Utinga";"Chapada Diamantina"
2932903;10272;"VALENCA (BA)";"BA";"Valenca";"Baixo Sul"
2931608;10321;"TEOLANDIA (BA)";"BA";"Teolandia";"Baixo Sul"
2932457;10071;"UMBURANAS (BA)";"BA";"Umburanas";"Chapada Diamantina"
2932606;10329;"URANDI (BA)";"BA";"Urandi";"Sertão Produtivo"
2933158;10081;"VARZEA NOVA (BA)";"BA";"Varzea Nova";"Chapada Diamantina"
2933505;10336;"WENCESLAU GUIMARAES (BA)";"BA";"Wenceslau Guimaraes";"Baixo Sul"
2933604;10170;"XIQUE XIQUE (BA)";"BA";"Xique-Xique";"Irecê"
3101706;11018;"ALMENARA (MG)";"MG";"Almenara";"Vale do Jequitinhonha"
3102704;11029;"CACHOEIRA DE PAJEU (MG)";"MG";"Cachoeira de Pajeu";"Vale do Jequitinhonha"
3103405;11037;"ARACUAI (MG)";"MG";"Aracuai";"Vale do Jequitinhonha"
3104502;11050;"ARINOS (MG)";"MG";"Arinos";"Noroeste"
4305157;15038;"CERRO GRANDE (RS)";"RS";"Cerro Grande";"Médio Alto Uruguai"
3105202;11057;"BANDEIRA (MG)";"MG";"Bandeira";"Vale do Jequitinhonha"
4322343;15058;"UBIRETAMA (RS)";"RS";"Ubiretama";"Noroeste Missões"
3106507;11069;"BERILO (MG)";"MG";"Berilo";"Vale do Jequitinhonha"
3107307;11078;"BOCAIUVA (MG)";"MG";"Bocaiuva";"Montes Claros"
3109402;11102;"BURITIZEIRO (MG)";"MG";"Buritizeiro";"Montes Claros"
3109451;11103;"CABECEIRA GRANDE (MG)";"MG";"Cabeceira Grande";"Noroeste"
3108206;11087;"BONFINOPOLIS DE MINAS (MG)";"MG";"Bonfinopolis de Minas";"Noroeste"
3108255;11088;"BONITO DE MINAS (MG)";"MG";"Bonito de Minas";"Entorno do Rio São Francisco"
3108552;11092;"BRASILANDIA DE MINAS (MG)";"MG";"Brasilandia de Minas";"Noroeste"
3108602;11093;"BRASILIA DE MINAS (MG)";"MG";"Brasilia de Minas";"Entorno do Rio São Francisco"
3111150;11093;"CAMPO AZUL (MG)";"MG";"Campo Azul";"Entorno do Rio São Francisco"
3112703;11136;"CAPITAO ENEAS (MG)";"MG";"Capitao Eneas";"Montes Claros"
5005251;1091;"LAGUNA CARAPA (MS)";"MS";"Laguna Carapa";"Grande Dourados - Fronteira"
3115474;11167;"CATUTI (MG)";"MG";"Catuti";"Janaúba"
5005400;1092;"MARACAJU (MS)";"MS";"Maracaju";"Centro do MS"
5005806;1094;"NIOAQUE (MS)";"MS";"Nioaque";"Centro do MS"
5006002;1095;"NOVA ALVORADA DO SUL (MS)";"MS";"Nova Alvorada do Sul";"Centro do MS"
5006200;1096;"NOVA ANDRADINA (MS)";"MS";"Nova Andradina";"Vale do Ininhema/Cone Sul"
5006259;1085;"NOVO HORIZONTE DO SUL (MS)";"MS";"Novo Horizonte do Sul";"Vale do Ininhema/Cone Sul"
3116159;11175;"CHAPADA GAUCHA (MG)";"MG";"Chapada Gaucha";"Entorno do Rio São Francisco"
3116506;11179;"CLARO DOS POCOES (MG)";"MG";"Claro dos Pocoes";"Montes Claros"
3117009;11184;"COMERCINHO (MG)";"MG";"Comercinho";"Vale do Jequitinhonha"
3117836;11088;"CONEGO MARINHO (MG)";"MG";"Conego Marinho";"Entorno do Rio São Francisco"
3118809;11203;"CORACAO DE JESUS (MG)";"MG";"Coracao de Jesus";"Montes Claros"
3119500;11210;"CORONEL MURTA (MG)";"MG";"Coronel Murta";"Vale do Jequitinhonha"
3120870;11010;"CURRAL DE DENTRO (MG)";"MG";"Curral de Dentro";"Alto Rio Pardo"
3122454;11018;"DIVISOPOLIS (MG)";"MG";"Divisopolis";"Vale do Jequitinhonha"
3122470;11087;"DOM BOSCO (MG)";"MG";"Dom Bosco";"Noroeste"
5007208;1095;"RIO BRILHANTE (MS)";"MS";"Rio Brilhante";"Centro do MS"
3123809;11256;"ENGENHEIRO NAVARRO (MG)";"MG";"Engenheiro Navarro";"Montes Claros"
3139250;11261;"MAMONAS (MG)";"MG";"Mamonas";"Janaúba"
3124302;11261;"ESPINOSA (MG)";"MG";"Espinosa";"Janaúba"
4304705;15008;"CARAZINHO (RS)";"RS";"Carazinho";"Planalto do RS"
3125606;11274;"FELISBURGO (MG)";"MG";"Felisburgo";"Vale do Jequitinhonha"
3126208;11279;"FORMOSO (MG)";"MG";"Formoso";"Entorno do Rio São Francisco"
3126604;11283;"FRANCISCO DUMONT (MG)";"MG";"Francisco Dumont";"Montes Claros"
3126703;11284;"FRANCISCO SA (MG)";"MG";"Francisco Sa";"Montes Claros"
5006606;1091;"PONTA PORA (MS)";"MS";"Ponta Pora";"Grande Dourados - Fronteira"
3127073;11291;"FRUTA DE LEITE (MG)";"MG";"Fruta de Leite";"Alto Rio Pardo"
3127339;11295;"GAMELEIRAS (MG)";"MG";"Gameleiras";"Janaúba"
3127354;11296;"GLAUCILANDIA (MG)";"MG";"Glaucilandia";"Montes Claros"
3127800;11302;"GRAO MOGOL (MG)";"MG";"Grao Mogol";"Montes Claros"
4209201;14398;"LACERDOPOLIS (SC)";"SC";"Lacerdopolis";"Meio Oeste Catarinense"
3128253;11078;"GUARACIAMA (MG)";"MG";"Guaraciama";"Montes Claros"
3128600;11310;"GUARDA MOR (MG)";"MG";"Guarda-Mor";"Noroeste"
5007901;1095;"SIDROLANDIA (MS)";"MS";"Sidrolandia";"Centro do MS"
3129608;11319;"IBIAI (MG)";"MG";"Ibiai";"Montes Claros"
3129657;11320;"IBIRACATU (MG)";"MG";"Ibiracatu";"Entorno do Rio São Francisco"
3130051;11175;"ICARAI DE MINAS (MG)";"MG";"Icarai de Minas";"Entorno do Rio São Francisco"
3145059;11467;"NOVA PORTEIRINHA (MG)";"MG";"Nova Porteirinha";"Janaúba"
5008008;1105;"TERENOS (MS)";"MS";"Terenos";"Centro do MS"
3130655;11331;"INDAIABIRA (MG)";"MG";"Indaiabira";"Alto Rio Pardo"
3132008;11345;"ITACAMBIRA (MG)";"MG";"Itacambira";"Montes Claros"
3132107;11346;"ITACARAMBI (MG)";"MG";"Itacarambi";"Entorno do Rio São Francisco"
3133303;11355;"ITAOBIM (MG)";"MG";"Itaobim";"Vale do Jequitinhonha"
3134004;11363;"ITINGA (MG)";"MG";"Itinga";"Vale do Jequitinhonha"
3134707;11369;"JACINTO (MG)";"MG";"Jacinto";"Vale do Jequitinhonha"
3135050;11295;"JAIBA (MG)";"MG";"Jaiba";"Janaúba"
3135357;11093;"JAPONVAR (MG)";"MG";"Japonvar";"Entorno do Rio São Francisco"
3135100;11320;"JANAUBA (MG)";"MG";"Janauba";"Janaúba"
3135209;11088;"JANUARIA (MG)";"MG";"Januaria";"Entorno do Rio São Francisco"
3136306;11092;"JOAO PINHEIRO (MG)";"MG";"Joao Pinheiro";"Noroeste"
3136801;11296;"JURAMENTO (MG)";"MG";"Juramento";"Montes Claros"
3135605;11376;"JEQUITAI (MG)";"MG";"Jequitai";"Montes Claros"
3135803;11378;"JEQUITINHONHA (MG)";"MG";"Jequitinhonha";"Vale do Jequitinhonha"
3136009;11380;"JOAIMA (MG)";"MG";"Joaima";"Vale do Jequitinhonha"
5008404;1079;"VICENTINA (MS)";"MS";"Vicentina";"Grande Dourados - Fronteira"
3136504;11384;"JORDANIA (MG)";"MG";"Jordania";"Vale do Jequitinhonha"
3136959;11295;"JUVENILIA (MG)";"MG";"Juvenilia";"Entorno do Rio São Francisco"
3137106;11391;"LAGAMAR (MG)";"MG";"Lagamar";"Noroeste"
3137304;11393;"LAGOA DOS PATOS (MG)";"MG";"Lagoa dos Patos";"Montes Claros"
3137536;11396;"LAGOA GRANDE (MG)";"MG";"Lagoa Grande";"Noroeste"
3138104;11401;"LASSANCE (MG)";"MG";"Lassance";"Montes Claros"
3138682;11093;"LUISLANDIA (MG)";"MG";"Luislandia";"Entorno do Rio São Francisco"
3138658;11408;"LONTRA (MG)";"MG";"Lontra";"Entorno do Rio São Francisco"
3142254;11295;"MIRAVANIA (MG)";"MG";"Miravania";"Entorno do Rio São Francisco"
5100359;1110;"ALTO BOA VISTA (MT)";"MT";"Alto Boa Vista";"Araguaia MT"
3139300;11295;"MANGA (MG)";"MG";"Manga";"Entorno do Rio São Francisco"
3141009;11167;"MATO VERDE (MG)";"MG";"Mato Verde";"Janaúba"
3140852;11295;"MATIAS CARDOSO (MG)";"MG";"Matias Cardoso";"Entorno do Rio São Francisco"
3141405;11431;"MEDINA (MG)";"MG";"Medina";"Vale do Jequitinhonha"
3142007;11436;"MIRABELA (MG)";"MG";"Mirabela";"Montes Claros"
3142700;11443;"MONTALVANIA (MG)";"MG";"Montalvania";"Entorno do Rio São Francisco"
3143450;11331;"MONTEZUMA (MG)";"MG";"Montezuma";"Alto Rio Pardo"
3142908;11295;"MONTE AZUL (MG)";"MG";"Monte Azul";"Janaúba"
3143153;11380;"MONTE FORMOSO (MG)";"MG";"Monte Formoso";"Vale do Jequitinhonha"
3144375;11087;"NATALANDIA (MG)";"MG";"Natalandia";"Noroeste"
3144656;11462;"NINHEIRA (MG)";"MG";"Ninheira";"Alto Rio Pardo"
3145455;11078;"OLHOS D AGUA (MG)";"MG";"Olhos-D'agua";"Montes Claros"
3146305;11482;"PADRE PARAISO (MG)";"MG";"Padre Paraiso";"Vale do Jequitinhonha"
3146552;11467;"PAI PEDRO (MG)";"MG";"Pai Pedro";"Janaúba"
3147006;11489;"PARACATU (MG)";"MG";"Paracatu";"Noroeste"
4211850;14292;"OURO VERDE (SC)";"SC";"Ouro Verde";"Meio Oeste Catarinense"
3147956;11436;"PATIS (MG)";"MG";"Patis";"Entorno do Rio São Francisco"
4314787;15031;"PONTE PRETA (RS)";"RS";"Ponte Preta";"Planalto do RS"
3148707;11505;"PEDRA AZUL (MG)";"MG";"Pedra Azul";"Vale do Jequitinhonha"
4316477;15075;"SALVADOR DAS MISSOES (RS)";"RS";"Salvador das Missoes";"Noroeste Missões"
3149150;11088;"PEDRAS DE MARIA DA CRUZ (MG)";"MG";"Pedras de Maria da Cruz";"Entorno do Rio São Francisco"
5106372;1132;"PEDRA PRETA (MT)";"MT";"Pedra Preta";"Sudeste"
4321634;15031;"TRES ARROIOS (RS)";"RS";"Tres Arroios";"Planalto do RS"
5106778;1110;"PORTO ALEGRE DO NORTE (MT)";"MT";"Porto Alegre do Norte";"Araguaia MT"
3150570;11175;"PINTOPOLIS (MG)";"MG";"Pintopolis";"Entorno do Rio São Francisco"
3151206;11530;"PIRAPORA (MG)";"MG";"Pirapora";"Montes Claros"
3152131;11539;"PONTO CHIQUE (MG)";"MG";"Ponto Chique";"Entorno do Rio São Francisco"
3152170;11363;"PONTO DOS VOLANTES (MG)";"MG";"Ponto dos Volantes";"Vale do Jequitinhonha"
3152204;11467;"PORTEIRINHA (MG)";"MG";"Porteirinha";"Janaúba"
3154457;11559;"RIACHINHO (MG)";"MG";"Riachinho";"Noroeste"
3154507;11560;"RIACHO DOS MACHADOS (MG)";"MG";"Riacho dos Machados";"Janaúba"
3155108;11487;"RIO DO PRADO (MG)";"MG";"Rio do Prado";"Vale do Jequitinhonha"
3155603;11331;"RIO PARDO DE MINAS (MG)";"MG";"Rio Pardo de Minas";"Alto Rio Pardo"
3156007;11572;"RIO VERMELHO (MG)";"MG";"Rio Vermelho";"Vale do Jequitinhonha"
5107065;1110;"QUERENCIA (MT)";"MT";"Querencia";"Araguaia MT"
3156502;11577;"RUBELITA (MG)";"MG";"Rubelita";"Alto Rio Pardo"
3156601;11578;"RUBIM (MG)";"MG";"Rubim";"Vale do Jequitinhonha"
3157005;11291;"SALINAS (MG)";"MG";"Salinas";"Alto Rio Pardo"
3157609;11587;"SANTA FE DE MINAS (MG)";"MG";"Santa Fe de Minas";"Noroeste"
3160306;11613;"SANTO ANTONIO DO JACINTO (MG)";"MG";"Santo Antonio do Jacinto";"Vale do Jequitinhonha"
3160454;11331;"SANTO ANTONIO DO RETIRO (MG)";"MG";"Santo Antonio do Retiro";"Alto Rio Pardo"
3161106;11175;"SAO FRANCISCO (MG)";"MG";"Sao Francisco";"Entorno do Rio São Francisco"
3166501;11671;"SERRA AZUL DE MINAS (MG)";"MG";"Serra Azul de Minas";"Vale do Jequitinhonha"
3162252;11203;"SAO JOAO DA LAGOA (MG)";"MG";"Sao Joao da Lagoa";"Montes Claros"
3162401;11408;"SAO JOAO DA PONTE (MG)";"MG";"Sao Joao da Ponte";"Entorno do Rio São Francisco"
3162450;11346;"SAO JOAO DAS MISSOES (MG)";"MG";"Sao Joao das Missoes";"Entorno do Rio São Francisco"
3162658;11203;"SAO JOAO DO PACUI (MG)";"MG";"Sao Joao do Pacui";"Montes Claros"
3162708;11462;"SAO JOAO DO PARAISO (MG)";"MG";"Sao Joao do Paraiso";"Alto Rio Pardo"
3164209;11559;"SAO ROMAO (MG)";"MG";"Sao Romao";"Noroeste"
3166956;11467;"SERRANOPOLIS DE MINAS (MG)";"MG";"Serranopolis de Minas";"Janaúba"
3168002;11071;"TAIOBEIRAS (MG)";"MG";"Taiobeiras";"Alto Rio Pardo"
3170404;11103;"UNAI (MG)";"MG";"Unai";"Noroeste"
3170008;11539;"UBAI (MG)";"MG";"Ubai";"Entorno do Rio São Francisco"
3170479;11103;"URUANA DE MINAS (MG)";"MG";"Uruana de Minas";"Noroeste"
3170529;11175;"URUCUIA (MG)";"MG";"Urucuia";"Noroeste"
3170651;11331;"VARGEM GRANDE DO RIO PARDO (MG)";"MG";"Vargem Grande do Rio Pardo";"Alto Rio Pardo"
3171600;11714;"VIRGEM DA LAPA (MG)";"MG";"Virgem da Lapa";"Vale do Jequitinhonha"
4322350;15089;"UNIAO DA SERRA (RS)";"RS";"Uniao da Serra";"Planalto do RS"
4322558;15071;"VANINI (RS)";"RS";"Vanini";"Nordeste"
4304853;15070;"CARLOS GOMES (RS)";"RS";"Carlos Gomes";"Planalto do RS"
3502804;13032;"ARACATUBA (SP)";"SP";"Aracatuba";"Araçatuba"
4306320;15033;"DERRUBADAS (RS)";"RS";"Derrubadas";"Noroeste Missões"
3504008;13047;"ASSIS (SP)";"SP";"Assis";"Médio Vale do Paranapanema"
3506300;13069;"BERNARDINO DE CAMPOS (SP)";"SP";"Bernardino de Campos";"Médio Vale do Paranapanema"
3506409;13071;"BILAC (SP)";"SP";"Bilac";"Araçatuba"
3506508;13072;"BIRIGUI (SP)";"SP";"Birigui";"Araçatuba"
3515350;13169;"EUCLIDES DA CUNHA PAULISTA (SP)";"SP";"Euclides da Cunha Paulista";"Pontal do Paranapanema"
3507753;13087;"BREJO ALEGRE (SP)";"SP";"Brejo Alegre";"Araçatuba"
3508108;13091;"BURITAMA (SP)";"SP";"Buritama";"Araçatuba"
3509106;13101;"CAIUA (SP)";"SP";"Caiua";"Pontal do Paranapanema"
3509809;13109;"CAMPOS NOVOS PAULISTA (SP)";"SP";"Campos Novos Paulista";"Médio Vale do Paranapanema"
3510005;13112;"CANDIDO MOTA (SP)";"SP";"Candido Mota";"Médio Vale do Paranapanema"
3510153;13114;"CANITAR (SP)";"SP";"Canitar";"Médio Vale do Paranapanema"
3512506;13087;"COROADOS (SP)";"SP";"Coroados";"Araçatuba"
3513306;13144;"CRUZALIA (SP)";"SP";"Cruzalia";"Médio Vale do Paranapanema"
3516101;13178;"FLORINIA (SP)";"SP";"Florinia";"Médio Vale do Paranapanema"
3517109;13187;"GLICERIO (SP)";"SP";"Glicerio";"Araçatuba"
3519501;13214;"IBIRAREMA (SP)";"SP";"Ibirarema";"Médio Vale do Paranapanema"
3519907;13218;"IEPE (SP)";"SP";"Iepe";"Pontal do Paranapanema"
3528809;13304;"MARACAI (SP)";"SP";"Maracai";"Médio Vale do Paranapanema"
4312252;15048;"MINAS DO LEAO (RS)";"RS";"Minas do Leao";"Centro do RS"
4312302;15134;"MIRAGUAI (RS)";"RS";"Miraguai";"Noroeste Missões"
3535309;13372;"PALMITAL (SP)";"SP";"Palmital";"Médio Vale do Paranapanema"
3537156;13144;"PEDRINHAS PAULISTA (SP)";"SP";"Pedrinhas Paulista";"Médio Vale do Paranapanema"
3538303;13401;"PIQUEROBI (SP)";"SP";"Piquerobi";"Pontal do Paranapanema"
3539707;13414;"PLATINA (SP)";"SP";"Platina";"Médio Vale do Paranapanema"
3541307;13430;"PRESIDENTE EPITACIO (SP)";"SP";"Presidente Epitacio";"Pontal do Paranapanema"
3541505;13432;"PRESIDENTE VENCESLAU (SP)";"SP";"Presidente Venceslau";"Pontal do Paranapanema"
3542206;13440;"RANCHARIA (SP)";"SP";"Rancharia";"Médio Vale do Paranapanema"
3543204;13449;"RIBEIRAO DO SUL (SP)";"SP";"Ribeirao do Sul";"Médio Vale do Paranapanema"
4306700;15092;"DONA FRANCISCA (RS)";"RS";"Dona Francisca";"Centro do RS"
4312351;15135;"MONTAURI (RS)";"RS";"Montauri";"Nordeste"
3544400;13461;"RUBIACEA (SP)";"SP";"Rubiacea";"Araçatuba"
3545407;13471;"SALTO GRANDE (SP)";"SP";"Salto Grande";"Médio Vale do Paranapanema"
3546405;13166;"SANTA CRUZ DO RIO PARDO (SP)";"SP";"Santa Cruz do Rio Pardo";"Médio Vale do Paranapanema"
3551207;13521;"SARUTAIA (SP)";"SP";"Sarutaia";"Médio Vale do Paranapanema"
4312625;15056;"MULITERNO (RS)";"RS";"Muliterno";"Nordeste"
3553955;13047;"TARUMA (SP)";"SP";"Taruma";"Médio Vale do Paranapanema"
3557204;13114;"CHAVANTES (SP)";"SP";"Chavantes";"Médio Vale do Paranapanema"
4101002;14011;"AMPERE (PR)";"PR";"Ampere";"Sudoeste do PR"
4102604;14030;"BARRACAO (PR)";"PR";"Barracao";"Sudoeste do PR"
4306973;15002;"EREBANGO (RS)";"RS";"Erebango";"Planalto do RS"
4102752;14032;"BELA VISTA DA CAROBA (PR)";"PR";"Bela Vista da Caroba";"Sudoeste do PR"
4103024;14036;"BOA ESPERANCA DO IGUACU (PR)";"PR";"Boa Esperanca do Iguacu";"Sudoeste do PR"
4312906;15139;"NOVA BASSANO (RS)";"RS";"Nova Bassano";"Nordeste"
4312955;15008;"NOVA BOA VISTA (RS)";"RS";"Nova Boa Vista";"Médio Alto Uruguai"
4104501;14058;"CAPANEMA (PR)";"PR";"Capanema";"Sudoeste do PR"
4115309;14169;"MARIOPOLIS (PR)";"PR";"Mariopolis";"Sudoeste do PR"
4105409;14065;"CHOPINZINHO (PR)";"PR";"Chopinzinho";"Sudoeste do PR"
4105706;14068;"CLEVELANDIA (PR)";"PR";"Clevelandia";"Sudoeste do PR"
4106456;14075;"CORONEL DOMINGOS SOARES (PR)";"PR";"Coronel Domingos Soares";"Sudoeste do PR"
4106506;14076;"CORONEL VIVIDA (PR)";"PR";"Coronel Vivida";"Sudoeste do PR"
4107207;14036;"DOIS VIZINHOS (PR)";"PR";"Dois Vizinhos";"Sudoeste do PR"
4300554;15010;"ALTO ALEGRE (RS)";"RS";"Alto Alegre";"Planalto do RS"
4107405;14087;"ENEAS MARQUES (PR)";"PR";"Eneas Marques";"Sudoeste do PR"
4107850;14096;"FLOR DA SERRA DO SUL (PR)";"PR";"Flor da Serra do Sul";"Sudoeste do PR"
4108403;14103;"FRANCISCO BELTRAO (PR)";"PR";"Francisco Beltrao";"Sudoeste do PR"
4109658;14116;"HONORIO SERPA (PR)";"PR";"Honorio Serpa";"Sudoeste do PR"
4111209;14131;"ITAPEJARA D OESTE (PR)";"PR";"Itapejara D'Oeste";"Sudoeste do PR"
4307005;15031;"ERECHIM (RS)";"RS";"Erechim";"Planalto do RS"
4114351;14096;"MANFRINOPOLIS (PR)";"PR";"Manfrinopolis";"Sudoeste do PR"
4114401;14116;"MANGUEIRINHA (PR)";"PR";"Mangueirinha";"Sudoeste do PR"
5212501;16045;"LUZIANIA (GO)";"GO";"Luziania";"Nordeste Goiano, DF e Entorno"
4115408;14171;"MARMELEIRO (PR)";"PR";"Marmeleiro";"Sudoeste do PR"
4124806;14256;"SAO JOAO (PR)";"PR";"Sao Joao";"Sudoeste do PR"
4116950;14087;"NOVA ESPERANCA DO SUDOESTE (PR)";"PR";"Nova Esperanca do Sudoeste";"Sudoeste do PR"
4117255;14192;"NOVA PRATA DO IGUACU (PR)";"PR";"Nova Prata do Iguacu";"Sudoeste do PR"
4117602;14075;"PALMAS (PR)";"PR";"Palmas";"Sudoeste do PR"
4121406;14228;"REALEZA (PR)";"PR";"Realeza";"Sudoeste do PR"
4121604;14230;"RENASCENCA (PR)";"PR";"Renascenca";"Sudoeste do PR"
4118501;14041;"PATO BRANCO (PR)";"PR";"Pato Branco";"Sudoeste do PR"
4119004;14032;"PEROLA D OESTE (PR)";"PR";"Perola D'Oeste";"Sudoeste do PR"
4119251;14032;"PINHAL DE SAO BENTO (PR)";"PR";"Pinhal de Sao Bento";"Sudoeste do PR"
4119806;14213;"PLANALTO (PR)";"PR";"Planalto";"Sudoeste do PR"
4120358;14032;"PRANCHITA (PR)";"PR";"Pranchita";"Sudoeste do PR"
4122800;14096;"SALGADO FILHO (PR)";"PR";"Salgado Filho";"Sudoeste do PR"
4123006;14192;"SALTO DO LONTRA (PR)";"PR";"Salto do Lontra";"Sudoeste do PR"
4124400;14032;"SANTO ANTONIO DO SUDOESTE (PR)";"PR";"Santo Antonio do Sudoeste";"Sudoeste do PR"
4123808;14247;"SANTA IZABEL DO OESTE (PR)";"PR";"Santa Izabel do Oeste";"Sudoeste do PR"
4125209;14259;"SAO JORGE D OESTE (PR)";"PR";"Sao Jorge D'Oeste";"Sudoeste do PR"
4126272;14065;"SAUDADE DO IGUACU (PR)";"PR";"Saudade do Iguacu";"Sudoeste do PR"
4126652;14065;"SULINA (PR)";"PR";"Sulina";"Sudoeste do PR"
4308706;15028;"GAURAMA (RS)";"RS";"Gaurama";"Planalto do RS"
4207684;14292;"IPUACU (SC)";"SC";"Ipuacu";"Meio Oeste Catarinense"
4128609;14288;"VERE (PR)";"PR";"Vere";"Sudoeste do PR"
4128708;14289;"VITORINO (PR)";"PR";"Vitorino";"Sudoeste do PR"
4200101;14292;"ABELARDO LUZ (SC)";"SC";"Abelardo Luz";"Meio Oeste Catarinense"
4200408;14295;"AGUA DOCE (SC)";"SC";"agua Doce";"Meio Oeste Catarinense"
4309126;15108;"GRAMADO DOS LOUREIROS (RS)";"RS";"Gramado dos Loureiros";"Médio Alto Uruguai"
4203907;14340;"CAPINZAL (SC)";"SC";"Capinzal";"Meio Oeste Catarinense"
4204459;14347;"CORONEL MARTINS (SC)";"SC";"Coronel Martins";"Meio Oeste Catarinense"
4204004;14342;"CATANDUVAS (SC)";"SC";"Catanduvas";"Meio Oeste Catarinense"
4205175;14292;"ENTRE RIOS (SC)";"SC";"Entre Rios";"Meio Oeste Catarinense"
4205209;14356;"ERVAL VELHO (SC)";"SC";"Erval Velho";"Meio Oeste Catarinense"
4205308;14357;"FAXINAL DOS GUEDES (SC)";"SC";"Faxinal dos Guedes";"Meio Oeste Catarinense"
4205605;14361;"GALVAO (SC)";"SC";"Galvao";"Meio Oeste Catarinense"
4207601;14382;"IPIRA (SC)";"SC";"Ipira";"Meio Oeste Catarinense"
4206702;14372;"HERVAL D OESTE (SC)";"SC";"Herval D'Oeste";"Meio Oeste Catarinense"
4206801;14374;"IBICARE (SC)";"SC";"Ibicare";"Meio Oeste Catarinense"
4208609;14392;"JABORA (SC)";"SC";"Jabora";"Meio Oeste Catarinense"
4209177;14361;"JUPIA (SC)";"SC";"Jupia";"Meio Oeste Catarinense"
4209003;14396;"JOACABA (SC)";"SC";"Joacaba";"Meio Oeste Catarinense"
4209458;14292;"LAJEADO GRANDE (SC)";"SC";"Lajeado Grande";"Meio Oeste Catarinense"
4210035;14396;"LUZERNA (SC)";"SC";"Luzerna";"Meio Oeste Catarinense"
4210555;14292;"MAREMA (SC)";"SC";"Marema";"Meio Oeste Catarinense"
4211801;14421;"OURO (SC)";"SC";"Ouro";"Meio Oeste Catarinense"
4212270;14427;"PASSOS MAIA (SC)";"SC";"Passos Maia";"Meio Oeste Catarinense"
4213104;14436;"PIRATUBA (SC)";"SC";"Piratuba";"Meio Oeste Catarinense"
4213401;14427;"PONTE SERRADA (SC)";"SC";"Ponte Serrada";"Meio Oeste Catarinense"
4213906;14442;"PRESIDENTE CASTELLO BRANCO (SC)";"SC";"Presidente Castelo Branco";"Meio Oeste Catarinense"
4216107;14347;"SAO DOMINGOS (SC)";"SC";"Sao Domingos";"Meio Oeste Catarinense"
4301552;15028;"AUREA (RS)";"RS";"aurea";"Planalto do RS"
4218509;14479;"TREZE TILIAS (SC)";"SC";"Treze Tilias";"Meio Oeste Catarinense"
4219101;14480;"VARGEAO (SC)";"SC";"Vargeao";"Meio Oeste Catarinense"
4301701;15031;"BARAO DE COTEGIPE (RS)";"RS";"Barao de Cotegipe";"Planalto do RS"
4219176;14342;"VARGEM BONITA (SC)";"SC";"Vargem Bonita";"Meio Oeste Catarinense"
4219507;14292;"XANXERE (SC)";"SC";"Xanxere";"Meio Oeste Catarinense"
4219705;14292;"XAXIM (SC)";"SC";"Xaxim";"Meio Oeste Catarinense"
4300307;15005;"ALECRIM (RS)";"RS";"Alecrim";"Noroeste Missões"
4300059;15002;"AGUA SANTA (RS)";"RS";"agua Santa";"Planalto do RS"
4300109;15003;"AGUDO (RS)";"RS";"Agudo";"Centro do RS"
4300208;15004;"AJURICABA (RS)";"RS";"Ajuricaba";"Noroeste Missões"
4300455;15007;"ALEGRIA (RS)";"RS";"Alegria";"Noroeste Missões"
4300471;15008;"ALMIRANTE TAMANDARE DO SUL (RS)";"RS";"Almirante Tamandare do Sul";"Médio Alto Uruguai"
4300638;15013;"AMARAL FERRADOR (RS)";"RS";"Amaral Ferrador";"Sul do RS"
4300646;15014;"AMETISTA DO SUL (RS)";"RS";"Ametista do Sul";"Médio Alto Uruguai"
4302584;15027;"BOZANO (RS)";"RS";"Bozano";"Noroeste Missões"
4300661;15002;"ANDRE DA ROCHA (RS)";"RS";"Andre da Rocha";"Nordeste"
4302501;15046;"BOSSOROCA (RS)";"RS";"Bossoroca";"Noroeste Missões"
4300901;15019;"ARATIBA (RS)";"RS";"Aratiba";"Planalto do RS"
4301073;15022;"ARROIO DO PADRE (RS)";"RS";"Arroio do Padre";"Sul do RS"
4301206;15024;"ARROIO DO TIGRE (RS)";"RS";"Arroio do Tigre";"Centro do RS"
4302378;15043;"BOM PROGRESSO (RS)";"RS";"Bom Progresso";"Noroeste Missões"
4301305;15025;"ARROIO GRANDE (RS)";"RS";"Arroio Grande";"Sul do RS"
4301503;15027;"AUGUSTO PESTANA (RS)";"RS";"Augusto Pestana";"Noroeste Missões"
4301925;15019;"BARRA DO RIO AZUL (RS)";"RS";"Barra do Rio Azul";"Planalto do RS"
4301800;15032;"BARRACAO (RS)";"RS";"Barracao";"Nordeste"
4301958;15008;"BARRA FUNDA (RS)";"RS";"Barra Funda";"Médio Alto Uruguai"
4302055;15036;"BENJAMIN CONSTANT DO SUL (RS)";"RS";"Benjamin Constant do Sul";"Planalto do RS"
4302154;15038;"BOA VISTA DAS MISSOES (RS)";"RS";"Boa Vista das Missoes";"Médio Alto Uruguai"
4302204;15039;"BOA VISTA DO BURICA (RS)";"RS";"Boa Vista do Burica";"Noroeste Missões"
4302220;15027;"BOA VISTA DO CADEADO (RS)";"RS";"Boa Vista do Cadeado";"Noroeste Missões"
4303301;15054;"CAIBATE (RS)";"RS";"Caibate";"Noroeste Missões"
4302238;15027;"BOA VISTA DO INCRA (RS)";"RS";"Boa Vista do Incra";"Noroeste Missões"
4302709;15048;"BUTIA (RS)";"RS";"Butia";"Centro do RS"
4302808;15049;"CACAPAVA DO SUL (RS)";"RS";"Cacapava do Sul";"Sul do RS"
4303004;15051;"CACHOEIRA DO SUL (RS)";"RS";"Cachoeira do Sul";"Centro do RS"
4303202;15053;"CACIQUE DOBLE (RS)";"RS";"Cacique Doble";"Nordeste"
4303400;15055;"CAICARA (RS)";"RS";"Caicara";"Médio Alto Uruguai"
4303509;15017;"CAMAQUA (RS)";"RS";"Camaqua";"Sul do RS"
4303558;15056;"CAMARGO (RS)";"RS";"Camargo";"Nordeste"
4303806;15059;"CAMPINAS DO SUL (RS)";"RS";"Campinas do Sul";"Planalto do RS"
4303707;15058;"CAMPINA DAS MISSOES (RS)";"RS";"Campina das Missoes";"Noroeste Missões"
4304002;15043;"CAMPO NOVO (RS)";"RS";"Campo Novo";"Noroeste Missões"
4304101;15010;"CAMPOS BORGES (RS)";"RS";"Campos Borges";"Planalto do RS"
4304200;15035;"CANDELARIA (RS)";"RS";"Candelaria";"Centro do RS"
4304309;15061;"CANDIDO GODOI (RS)";"RS";"Candido Godoi";"Noroeste Missões"
4304358;15001;"CANDIOTA (RS)";"RS";"Candiota";"Sul do RS"
4304507;15063;"CANGUCU (RS)";"RS";"Cangucu";"Sul do RS"
4304622;15002;"CAPAO BONITO DO SUL (RS)";"RS";"Capao Bonito do Sul";"Nordeste"
4305116;15028;"CENTENARIO (RS)";"RS";"Centenario";"Planalto do RS"
4304655;15066;"CAPAO DO CIPO (RS)";"RS";"Capao do Cipo";"Noroeste Missões"
4305132;15051;"CERRO BRANCO (RS)";"RS";"Cerro Branco";"Centro do RS"
4304663;15022;"CAPAO DO LEAO (RS)";"RS";"Capao do Leao";"Sul do RS"
4304903;15071;"CASCA (RS)";"RS";"Casca";"Planalto do RS"
4304952;15002;"CASEIROS (RS)";"RS";"Caseiros";"Nordeste"
4305009;15072;"CATUIPE (RS)";"RS";"Catuipe";"Noroeste Missões"
4305124;15074;"CERRITO (RS)";"RS";"Cerrito";"Sul do RS"
4305173;15017;"CERRO GRANDE DO SUL (RS)";"RS";"Cerro Grande do Sul";"Sul do RS"
4305207;15075;"CERRO LARGO (RS)";"RS";"Cerro Largo";"Noroeste Missões"
4305371;15002;"CHARRUA (RS)";"RS";"Charrua";"Planalto do RS"
4305306;15008;"CHAPADA (RS)";"RS";"Chapada";"Médio Alto Uruguai"
4313466;15080;"NOVO XINGU (RS)";"RS";"Novo Xingu";"Médio Alto Uruguai"
4305405;15072;"CHIAPETTA (RS)";"RS";"Chiapeta";"Noroeste Missões"
4305447;15017;"CHUVISCA (RS)";"RS";"Chuvisca";"Sul do RS"
4305504;15056;"CIRIACO (RS)";"RS";"Ciriaco";"Nordeste"
4305603;15078;"COLORADO (RS)";"RS";"Colorado";"Planalto do RS"
4306734;15093;"DOUTOR MAURICIO CARDOSO (RS)";"RS";"Doutor Mauricio Cardoso";"Noroeste Missões"
4305801;15080;"CONSTANTINA (RS)";"RS";"Constantina";"Médio Alto Uruguai"
4306908;15013;"ENCRUZILHADA DO SUL (RS)";"RS";"Encruzilhada do Sul";"Centro do RS"
4305850;15008;"COQUEIROS DO SUL (RS)";"RS";"Coqueiros do Sul";"Médio Alto Uruguai"
4320107;15008;"SARANDI (RS)";"RS";"Sarandi";"Médio Alto Uruguai"
4305871;15027;"CORONEL BARROS (RS)";"RS";"Coronel Barros";"Noroeste Missões"
4305900;15081;"CORONEL BICACO (RS)";"RS";"Coronel Bicaco";"Noroeste Missões"
4305975;15008;"COXILHA (RS)";"RS";"Coxilha";"Planalto do RS"
4306007;15039;"CRISSIUMAL (RS)";"RS";"Crissiumal";"Noroeste Missões"
4306056;15017;"CRISTAL (RS)";"RS";"Cristal";"Sul do RS"
4306072;15083;"CRISTAL DO SUL (RS)";"RS";"Cristal do Sul";"Médio Alto Uruguai"
4306106;15027;"CRUZ ALTA (RS)";"RS";"Cruz Alta";"Noroeste Missões"
4306130;15059;"CRUZALTENSE (RS)";"RS";"Cruzaltense";"Planalto do RS"
4306379;15086;"DILERMANDO DE AGUIAR (RS)";"RS";"Dilermando de Aguiar";"Centro do RS"
4306429;15088;"DOIS IRMAOS DAS MISSOES (RS)";"RS";"Dois Irmaos das Missoes";"Noroeste Missões"
4306502;15090;"DOM FELICIANO (RS)";"RS";"Dom Feliciano";"Sul do RS"
4320206;15083;"SEBERI (RS)";"RS";"Seberi";"Médio Alto Uruguai"
4306924;15080;"ENGENHO VELHO (RS)";"RS";"Engenho Velho";"Médio Alto Uruguai"
4307054;15008;"ERNESTINA (RS)";"RS";"Ernestina";"Planalto do RS"
4306932;15066;"ENTRE IJUIS (RS)";"RS";"Entre-Ijuis";"Noroeste Missões"
4306957;15036;"ENTRE RIOS DO SUL (RS)";"RS";"Entre Rios do Sul";"Planalto do RS"
4307104;15001;"HERVAL (RS)";"RS";"Herval";"Sul do RS"
4318499;15007;"SAO JOSE DO INHACORA (RS)";"RS";"Sao Jose do Inhacora";"Noroeste Missões"
4307203;15094;"ERVAL GRANDE (RS)";"RS";"Erval Grande";"Planalto do RS"
4307500;15010;"ESPUMOSO (RS)";"RS";"Espumoso";"Planalto do RS"
4307302;15088;"ERVAL SECO (RS)";"RS";"Erval Seco";"Médio Alto Uruguai"
4307559;15002;"ESTACAO (RS)";"RS";"Estacao";"Planalto do RS"
4307401;15002;"ESMERALDA (RS)";"RS";"Esmeralda";"Nordeste"
4307450;15095;"ESPERANCA DO SUL (RS)";"RS";"Esperanca do Sul";"Noroeste Missões"
4307831;15066;"EUGENIO DE CASTRO (RS)";"RS";"Eugenio de Castro";"Noroeste Missões"
4310405;15115;"INDEPENDENCIA (RS)";"RS";"Independencia";"Noroeste Missões"
4308003;15099;"FAXINAL DO SOTURNO (RS)";"RS";"Faxinal do Soturno";"Centro do RS"
4308052;15036;"FAXINALZINHO (RS)";"RS";"Faxinalzinho";"Planalto do RS"
4308250;15002;"FLORIANO PEIXOTO (RS)";"RS";"Floriano Peixoto";"Planalto do RS"
4308508;15103;"FREDERICO WESTPHALEN (RS)";"RS";"Frederico Westphalen";"Médio Alto Uruguai"
4308409;15102;"FORMIGUEIRO (RS)";"RS";"Formigueiro";"Centro do RS"
4308458;15027;"FORTALEZA DOS VALOS (RS)";"RS";"Fortaleza dos Valos";"Noroeste Missões"
4308854;15056;"GENTIL (RS)";"RS";"Gentil";"Nordeste"
4309001;15058;"GIRUA (RS)";"RS";"Girua";"Noroeste Missões"
4309258;15109;"GUABIJU (RS)";"RS";"Guabiju";"Nordeste"
4309407;15089;"GUAPORE (RS)";"RS";"Guapore";"Planalto do RS"
4309506;15058;"GUARANI DAS MISSOES (RS)";"RS";"Guarani das Missoes";"Noroeste Missões"
4309605;15093;"HORIZONTINA (RS)";"RS";"Horizontina";"Noroeste Missões"
4309753;15111;"IBARAMA (RS)";"RS";"Ibarama";"Centro do RS"
4310504;15014;"IRAI (RS)";"RS";"Irai";"Médio Alto Uruguai"
4309654;15001;"HULHA NEGRA (RS)";"RS";"Hulha Negra";"Sul do RS"
4309704;15110;"HUMAITA (RS)";"RS";"Humaita";"Noroeste Missões"
4309803;15002;"IBIACA (RS)";"RS";"Ibiaca";"Nordeste"
4309902;15056;"IBIRAIARAS (RS)";"RS";"Ibiraiaras";"Nordeste"
4309951;15008;"IBIRAPUITA (RS)";"RS";"Ibirapuita";"Planalto do RS"
4311700;15127;"MACHADINHO (RS)";"RS";"Machadinho";"Nordeste"
4310413;15072;"INHACORA (RS)";"RS";"Inhacora";"Noroeste Missões"
4310009;15112;"IBIRUBA (RS)";"RS";"Ibiruba";"Planalto do RS"
4319372;15075;"SAO PEDRO DO BUTIA (RS)";"RS";"Sao Pedro do Butia";"Noroeste Missões"
4310207;15027;"IJUI (RS)";"RS";"Ijui";"Noroeste Missões"
4310462;15002;"IPIRANGA DO SUL (RS)";"RS";"Ipiranga do Sul";"Planalto do RS"
4310538;15086;"ITAARA (RS)";"RS";"Itaara";"Centro do RS"
4310702;15117;"ITATIBA DO SUL (RS)";"RS";"Itatiba do Sul";"Planalto do RS"
4310850;15038;"JABOTICABA (RS)";"RS";"Jaboticaba";"Médio Alto Uruguai"
4310900;15031;"JACUTINGA (RS)";"RS";"Jacutinga";"Planalto do RS"
4311007;15120;"JAGUARAO (RS)";"RS";"Jaguarao";"Sul do RS"
4311239;15111;"LAGOA BONITA DO SUL (RS)";"RS";"Lagoa Bonita do Sul";"Centro do RS"
4311429;15038;"LAJEADO DO BUGRE (RS)";"RS";"Lajeado do Bugre";"Médio Alto Uruguai"
4311130;15123;"JARI (RS)";"RS";"Jari";"Centro do RS"
4315008;15005;"PORTO LUCENA (RS)";"RS";"Porto Lucena";"Noroeste Missões"
4311155;15123;"JOIA (RS)";"RS";"Joia";"Noroeste Missões"
4311205;15118;"JULIO DE CASTILHOS (RS)";"RS";"Julio de Castilhos";"Centro do RS"
4311270;15124;"LAGOA DOS TRES CANTOS (RS)";"RS";"Lagoa dos Tres Cantos";"Planalto do RS"
4311304;15002;"LAGOA VERMELHA (RS)";"RS";"Lagoa Vermelha";"Nordeste"
4311601;15126;"LIBERATO SALZANO (RS)";"RS";"Liberato Salzano";"Médio Alto Uruguai"
4311809;15056;"MARAU (RS)";"RS";"Marau";"Planalto do RS"
4311908;15129;"MARCELINO RAMOS (RS)";"RS";"Marcelino Ramos";"Planalto do RS"
4312005;15130;"MARIANO MORO (RS)";"RS";"Mariano Moro";"Planalto do RS"
4312179;15054;"MATO QUEIMADO (RS)";"RS";"Mato Queimado";"Noroeste Missões"
4312138;15008;"MATO CASTELHANO (RS)";"RS";"Mato Castelhano";"Planalto do RS"
4312203;15133;"MAXIMILIANO DE ALMEIDA (RS)";"RS";"Maximiliano de Almeida";"Planalto do RS"
4317509;15066;"SANTO ANGELO (RS)";"RS";"Santo Angelo";"Noroeste Missões"
4312377;15002;"MONTE ALEGRE DOS CAMPOS (RS)";"RS";"Monte Alegre dos Campos";"Nordeste"
4312427;15008;"MORMACO (RS)";"RS";"Mormaco";"Planalto do RS"
4312450;15022;"MORRO REDONDO (RS)";"RS";"Morro Redondo";"Sul do RS"
4312617;15002;"MUITOS CAPOES (RS)";"RS";"Muitos Capoes";"Nordeste"
4312658;15124;"NAO ME TOQUE (RS)";"RS";"Nao-Me-Toque";"Planalto do RS"
4312674;15056;"NICOLAU VERGUEIRO (RS)";"RS";"Nicolau Vergueiro";"Planalto do RS"
4312708;15108;"NONOAI (RS)";"RS";"Nonoai";"Médio Alto Uruguai"
4313011;15039;"NOVA CANDELARIA (RS)";"RS";"Nova Candelaria";"Noroeste Missões"
4313334;15004;"NOVA RAMADA (RS)";"RS";"Nova Ramada";"Noroeste Missões"
4313102;15118;"NOVA PALMA (RS)";"RS";"Nova Palma";"Centro do RS"
4313300;15109;"NOVA PRATA (RS)";"RS";"Nova Prata";"Nordeste"
4313391;15051;"NOVO CABRAIS (RS)";"RS";"Novo Cabrais";"Centro do RS"
4313425;15142;"NOVO MACHADO (RS)";"RS";"Novo Machado";"Nordeste"
4313490;15038;"NOVO BARREIRO (RS)";"RS";"Novo Barreiro";"Médio Alto Uruguai"
4313607;15143;"PAIM FILHO (RS)";"RS";"Paim Filho";"Nordeste"
4313706;15038;"PALMEIRA DAS MISSOES (RS)";"RS";"Palmeira das Missoes";"Médio Alto Uruguai"
4313805;15144;"PALMITINHO (RS)";"RS";"Palmitinho";"Médio Alto Uruguai"
4314027;15051;"PARAISO DO SUL (RS)";"RS";"Paraiso do Sul";"Centro do RS"
4313953;15146;"PANTANO GRANDE (RS)";"RS";"Pantano Grande";"Centro do RS"
4314068;15111;"PASSA SETE (RS)";"RS";"Passa Sete";"Centro do RS"
4314209;15074;"PEDRO OSORIO (RS)";"RS";"Pedro Osorio";"Sul do RS"
4314100;15008;"PASSO FUNDO (RS)";"RS";"Passo Fundo";"Planalto do RS"
4314134;15031;"PAULO BENTO (RS)";"RS";"Paulo Bento";"Planalto do RS"
4314308;15150;"PEJUCARA (RS)";"RS";"Pejucara";"Noroeste Missões"
4314407;15022;"PELOTAS (RS)";"RS";"Pelotas";"Sul do RS"
4314472;15118;"PINHAL GRANDE (RS)";"RS";"Pinhal Grande";"Centro do RS"
4314506;15001;"PINHEIRO MACHADO (RS)";"RS";"Pinheiro Machado";"Sul do RS"
4314555;15085;"PIRAPO (RS)";"RS";"Pirapo";"Noroeste Missões"
4314605;15151;"PIRATINI (RS)";"RS";"Piratini";"Sul do RS"
4314704;15014;"PLANALTO (RS)";"RS";"Planalto";"Médio Alto Uruguai"
4314779;15008;"PONTAO (RS)";"RS";"Pontao";"Médio Alto Uruguai"
4315057;15153;"PORTO MAUA (RS)";"RS";"Porto Maua";"Noroeste Missões"
4315107;15154;"PORTO XAVIER (RS)";"RS";"Porto Xavier";"Noroeste Missões"
4315172;15109;"PROTASIO ALVES (RS)";"RS";"Protasio Alves";"Nordeste"
4315313;15031;"QUATRO IRMAOS (RS)";"RS";"Quatro Irmaos";"Planalto do RS"
4315404;15157;"REDENTORA (RS)";"RS";"Redentora";"Médio Alto Uruguai"
4315321;15118;"QUEVEDOS (RS)";"RS";"Quevedos";"Centro do RS"
4315354;15112;"QUINZE DE NOVEMBRO (RS)";"RS";"Quinze de Novembro";"Planalto do RS"
4315503;15158;"RESTINGA SECA (RS)";"RS";"Restinga Seca";"Centro do RS"
4315552;15108;"RIO DOS INDIOS (RS)";"RS";"Rio dos Indios";"Médio Alto Uruguai"
4315602;15159;"RIO GRANDE (RS)";"RS";"Rio Grande";"Sul do RS"
4315701;15146;"RIO PARDO (RS)";"RS";"Rio Pardo";"Centro do RS"
4315909;15083;"RODEIO BONITO (RS)";"RS";"Rodeio Bonito";"Médio Alto Uruguai"
4315958;15085;"ROLADOR (RS)";"RS";"Rolador";"Noroeste Missões"
4316105;15008;"RONDA ALTA (RS)";"RS";"Ronda Alta";"Médio Alto Uruguai"
4317905;15005;"SANTO CRISTO (RS)";"RS";"Santo Cristo";"Noroeste Missões"
4316204;15161;"RONDINHA (RS)";"RS";"Rondinha";"Médio Alto Uruguai"
4316303;15162;"ROQUE GONZALES (RS)";"RS";"Roque Gonzales";"Noroeste Missões"
4316428;15038;"SAGRADA FAMILIA (RS)";"RS";"Sagrada Familia";"Médio Alto Uruguai"
4316436;15164;"SALDANHA MARINHO (RS)";"RS";"Saldanha Marinho";"Planalto do RS"
4316451;15010;"SALTO DO JACUI (RS)";"RS";"Salto do Jacui";"Planalto do RS"
4316600;15165;"SANANDUVA (RS)";"RS";"Sananduva";"Nordeste"
4316733;15002;"SANTA CECILIA DO SUL (RS)";"RS";"Santa Cecilia do Sul";"Nordeste"
4316808;15035;"SANTA CRUZ DO SUL (RS)";"RS";"Santa Cruz do Sul";"Centro do RS"
4317756;15008;"SANTO ANTONIO DO PLANALTO (RS)";"RS";"Santo Antonio do Planalto";"Planalto do RS"
4316907;15086;"SANTA MARIA (RS)";"RS";"Santa Maria";"Centro do RS"
4317202;15169;"SANTA ROSA (RS)";"RS";"Santa Rosa";"Noroeste Missões"
4317004;15167;"SANTANA DA BOA VISTA (RS)";"RS";"Santana da Boa Vista";"Sul do RS"
4317558;15071;"SANTO ANTONIO DO PALMA (RS)";"RS";"Santo Antonio do Palma";"Nordeste"
4317954;15053;"SANTO EXPEDITO DO SUL (RS)";"RS";"Santo Expedito do Sul";"Nordeste"
4317806;15171;"SANTO AUGUSTO (RS)";"RS";"Santo Augusto";"Noroeste Missões"
4317707;15170;"SANTO ANTONIO DAS MISSOES (RS)";"RS";"Santo Antonio das Missoes";"Noroeste Missões"
4318424;15143;"SAO JOAO DA URTIGA (RS)";"RS";"Sao Joao da Urtiga";"Nordeste"
4318432;15099;"SAO JOAO DO POLESINE (RS)";"RS";"Sao Joao do Polesine";"Centro do RS"
4318440;15109;"SAO JORGE (RS)";"RS";"Sao Jorge";"Nordeste"
4318457;15038;"SAO JOSE DAS MISSOES (RS)";"RS";"Sao Jose das Missoes";"Médio Alto Uruguai"
4318606;15053;"SAO JOSE DO OURO (RS)";"RS";"Sao Jose do Ouro";"Nordeste"
4318804;15174;"SAO LOURENCO DO SUL (RS)";"RS";"Sao Lourenco do Sul";"Sul do RS"
4318903;15085;"SAO LUIZ GONZAGA (RS)";"RS";"Sao Luiz Gonzaga";"Noroeste Missões"
4319109;15176;"SAO MARTINHO (RS)";"RS";"Sao Martinho";"Noroeste Missões"
4319703;15036;"SAO VALENTIM (RS)";"RS";"Sao Valentim";"Planalto do RS"
4319125;15086;"SAO MARTINHO DA SERRA (RS)";"RS";"Sao Martinho da Serra";"Centro do RS"
4319737;15027;"SAO VALERIO DO SUL (RS)";"RS";"Sao Valerio do Sul";"Noroeste Missões"
4319158;15066;"SAO MIGUEL DAS MISSOES (RS)";"RS";"Sao Miguel das Missoes";"Noroeste Missões"
4319208;15177;"SAO NICOLAU (RS)";"RS";"Sao Nicolau";"Noroeste Missões"
4319406;15179;"SAO PEDRO DO SUL (RS)";"RS";"Sao Pedro do Sul";"Centro do RS"
4319604;15166;"SAO SEPE (RS)";"RS";"Sao Sepe";"Centro do RS"
4320230;15110;"SEDE NOVA (RS)";"RS";"Sede Nova";"Noroeste Missões"
4320263;15111;"SEGREDO (RS)";"RS";"Segredo";"Centro do RS"
4320305;15182;"SELBACH (RS)";"RS";"Selbach";"Planalto do RS"
4320321;15058;"SENADOR SALGADO FILHO (RS)";"RS";"Senador Salgado Filho";"Noroeste Missões"
4320404;15135;"SERAFINA CORREA (RS)";"RS";"Serafina Correa";"Planalto do RS"
4322186;15053;"TUPANCI DO SUL (RS)";"RS";"Tupanci do Sul";"Nordeste"
4322202;15123;"TUPANCIRETA (RS)";"RS";"Tupancireta";"Centro do RS"
4320503;15183;"SERTAO (RS)";"RS";"Sertao";"Planalto do RS"
4320578;15058;"SETE DE SETEMBRO (RS)";"RS";"Sete de Setembro";"Noroeste Missões"
4320602;15184;"SEVERIANO DE ALMEIDA (RS)";"RS";"Severiano de Almeida";"Planalto do RS"
4320651;15086;"SILVEIRA MARTINS (RS)";"RS";"Silveira Martins";"Centro do RS"
4320701;15111;"SOBRADINHO (RS)";"RS";"Sobradinho";"Centro do RS"
4322301;15153;"TUPARENDI (RS)";"RS";"Tuparendi";"Noroeste Missões"
4322327;15022;"TURUCU (RS)";"RS";"Turucu";"Sul do RS"
4320800;15008;"SOLEDADE (RS)";"RS";"Soledade";"Planalto do RS"
4320909;15002;"TAPEJARA (RS)";"RS";"Tapejara";"Planalto do RS"
4321006;15124;"TAPERA (RS)";"RS";"Tapera";"Planalto do RS"
4321329;15103;"TAQUARUCU DO SUL (RS)";"RS";"Taquarucu do Sul";"Médio Alto Uruguai"
4321402;15033;"TENENTE PORTELA (RS)";"RS";"Tenente Portela";"Noroeste Missões"
4321469;15008;"TIO HUGO (RS)";"RS";"Tio Hugo";"Planalto do RS"
4321477;15095;"TIRADENTES DO SUL (RS)";"RS";"Tiradentes do Sul";"Noroeste Missões"
4321808;15007;"TRES DE MAIO (RS)";"RS";"Tres de Maio";"Noroeste Missões"
4321857;15008;"TRES PALMEIRAS (RS)";"RS";"Tres Palmeiras";"Médio Alto Uruguai"
4321907;15095;"TRES PASSOS (RS)";"RS";"Tres Passos";"Noroeste Missões"
4321956;15108;"TRINDADE DO SUL (RS)";"RS";"Trindade do Sul";"Médio Alto Uruguai"
4322103;15142;"TUCUNDUVA (RS)";"RS";"Tucunduva";"Noroeste Missões"
4322152;15008;"TUNAS (RS)";"RS";"Tunas";"Centro do RS"
5102637;1108;"CAMPO NOVO DO PARECIS (MT)";"MT";"Campo Novo do Parecis";"Médio Norte"
4322806;15082;"VERANOPOLIS (RS)";"RS";"Veranopolis";"Nordeste"
4322905;15070;"VIADUTOS (RS)";"RS";"Viadutos";"Planalto do RS"
4323101;15189;"VICENTE DUTRA (RS)";"RS";"Vicente Dutra";"Médio Alto Uruguai"
4323200;15008;"VICTOR GRAEFF (RS)";"RS";"Victor Graeff";"Planalto do RS"
4323358;15002;"VILA LANGARO (RS)";"RS";"Vila Langaro";"Planalto do RS"
4323408;15056;"VILA MARIA (RS)";"RS";"Vila Maria";"Planalto do RS"
4323457;15166;"VILA NOVA DO SUL (RS)";"RS";"Vila Nova do Sul";"Centro do RS"
4323705;15033;"VISTA GAUCHA (RS)";"RS";"Vista Gaucha";"Médio Alto Uruguai"
5003256;1070;"COSTA RICA (MS)";"MS";"Costa Rica";"Norte do MS"
5003504;1077;"DOURADINA (MS)";"MS";"Douradina";"Grande Dourados - Fronteira"
5003702;1077;"DOURADOS (MS)";"MS";"Dourados";"Grande Dourados - Fronteira"
4323507;15103;"VISTA ALEGRE (RS)";"RS";"Vista Alegre";"Noroeste Missões"
4323606;15109;"VISTA ALEGRE DO PRATA (RS)";"RS";"Vista Alegre do Prata";"Nordeste"
5000609;1054;"AMAMBAI (MS)";"MS";"Amambai";"Grande Dourados - Fronteira"
5000708;1055;"ANASTACIO (MS)";"MS";"Anastacio";"Centro do MS"
5000856;1057;"ANGELICA (MS)";"MS";"Angelica";"Vale do Ininhema/Cone Sul"
5000906;1058;"ANTONIO JOAO (MS)";"MS";"Antonio Joao";"Grande Dourados - Fronteira"
5001243;1061;"ARAL MOREIRA (MS)";"MS";"Aral Moreira";"Grande Dourados - Fronteira"
5213004;16150;"MAURILANDIA (GO)";"GO";"Maurilandia";"Sudoeste"
5002407;1069;"CAARAPO (MS)";"MS";"Caarapo";"Grande Dourados - Fronteira"
5002902;1073;"CASSILANDIA (MS)";"MS";"Cassilandia";"Norte do MS"
5002951;1073;"CHAPADAO DO SUL (MS)";"MS";"Chapadao do Sul";"Norte do MS"
5003454;1076;"DEODAPOLIS (MS)";"MS";"Deodapolis";"Vale do Ininhema/Cone Sul"
5003801;1079;"FATIMA DO SUL (MS)";"MS";"Fatima do Sul";"Grande Dourados - Fronteira"
5003488;1060;"DOIS IRMAOS DO BURITI (MS)";"MS";"Dois Irmaos do Buriti";"Centro do MS"
5004304;1082;"IGUATEMI (MS)";"MS";"Iguatemi";"Grande Dourados - Fronteira"
5004502;1084;"ITAPORA (MS)";"MS";"Itapora";"Grande Dourados - Fronteira"
5004601;1082;"ITAQUIRAI (MS)";"MS";"Itaquirai";"Vale do Ininhema/Cone Sul"
5004700;1085;"IVINHEMA (MS)";"MS";"Ivinhema";"Vale do Ininhema/Cone Sul"
5102678;1118;"CAMPO VERDE (MT)";"MT";"Campo Verde";"Sudeste"
5102694;1110;"CANABRAVA DO NORTE (MT)";"MT";"Canabrava do Norte";"Araguaia MT"
5103502;1108;"DIAMANTINO (MT)";"MT";"Diamantino";"Médio Norte"
5103056;1108;"CLAUDIA (MT)";"MT";"Claudia";"Médio Norte"
5103353;1110;"CONFRESA (MT)";"MT";"Confresa";"Araguaia MT"
5107404;1123;"SAO PEDRO DA CIPA (MT)";"MT";"Sao Pedro da Cipa";"Sudeste"
5103601;1123;"DOM AQUINO (MT)";"MT";"Dom Aquino";"Sudeste"
5104526;1108;"IPIRANGA DO NORTE (MT)";"MT";"Ipiranga do Norte";"Médio Norte"
5104542;1108;"ITANHANGA (MT)";"MT";"Itanhanga";"Médio Norte"
5104807;1123;"JACIARA (MT)";"MT";"Jaciara";"Sudeste"
5105200;1129;"JUSCIMEIRA (MT)";"MT";"Juscimeira";"Sudeste"
5105259;1108;"LUCAS DO RIO VERDE (MT)";"MT";"Lucas do Rio Verde";"Médio Norte"
5105580;1108;"MARCELANDIA (MT)";"MT";"Marcelandia";"Médio Norte"
5106224;1108;"NOVA MUTUM (MT)";"MT";"Nova Mutum";"Médio Norte"
5107297;1126;"SAO JOSE DO POVO (MT)";"MT";"Sao Jose do Povo";"Sudeste"
5107305;1108;"SAO JOSE DO RIO CLARO (MT)";"MT";"Sao Jose do Rio Claro";"Médio Norte"
5107602;1126;"RONDONOPOLIS (MT)";"MT";"Rondonopolis";"Sudeste"
5107909;1108;"SINOP (MT)";"MT";"Sinop";"Médio Norte"
5107925;1108;"SORRISO (MT)";"MT";"Sorriso";"Médio Norte"
5107941;1108;"TABAPORA (MT)";"MT";"Tabapora";"Médio Norte"
5108006;1108;"TAPURAH (MT)";"MT";"Tapurah";"Médio Norte"
5108501;1108;"VERA (MT)";"MT";"Vera";"Médio Norte"
5108907;1108;"NOVA MARINGA (MT)";"MT";"Nova Maringa";"Médio Norte"
5220264;16115;"SAO MIGUEL DO PASSA QUATRO (GO)";"GO";"Sao Miguel do Passa Quatro";"Estrada de Ferro"
5200134;16041;"ACREUNA (GO)";"GO";"Acreuna";"Sudoeste"
5200506;16047;"ALOANDIA (GO)";"GO";"Aloandia";"Morrinhos - GO"
5202155;16060;"ARAGUAPAZ (GO)";"GO";"Araguapaz";"Norte"
5203104;16065;"BALIZA (GO)";"GO";"Baliza";"Médio Araguaia do Goias"
5204250;16079;"CACHOEIRA DOURADA (GO)";"GO";"Cachoeira Dourada";"Morrinhos - GO"
5220405;16196;"SAO SIMAO (GO)";"GO";"Sao Simao";"Sudoeste"
5204706;16085;"CAMPINORTE (GO)";"GO";"Campinorte";"Norte"
5203575;16071;"BONOPOLIS (GO)";"GO";"Bonopolis";"Norte"
5203906;16074;"BURITI ALEGRE (GO)";"GO";"Buriti Alegre";"Morrinhos - GO"
5204003;16076;"CABECEIRAS (GO)";"GO";"Cabeceiras";"Nordeste Goiano, DF e Entorno"
5204409;16081;"CAIAPONIA (GO)";"GO";"Caiaponia";"Médio Araguaia do Goias"
5204656;16084;"CAMPINACU (GO)";"GO";"Campinacu";"Norte"
5205109;16091;"CATALAO (GO)";"GO";"Catalao";"Estrada de Ferro"
5205455;16095;"CEZARINA (GO)";"GO";"Cezarina";"Sudoeste"
5205471;16057;"CHAPADAO DO CEU (GO)";"GO";"Chapadao do Ceu";"Sudoeste"
5206206;16099;"CRISTALINA (GO)";"GO";"Cristalina";"Estrada de Ferro"
5207352;16108;"EDEALINA (GO)";"GO";"Edealina";"Morrinhos - GO"
5207253;16081;"DOVERLANDIA (GO)";"GO";"Doverlandia";"Médio Araguaia do Goias"
5209937;16079;"INACIOLANDIA (GO)";"GO";"Inaciolandia";"Morrinhos - GO"
5207402;16108;"EDEIA (GO)";"GO";"Edeia";"Morrinhos - GO"
5207907;16112;"FLORES DE GOIAS (GO)";"GO";"Flores de Goias";"Nordeste Goiano, DF e Entorno"
5208004;16113;"FORMOSA (GO)";"GO";"Formosa";"Nordeste Goiano, DF e Entorno"
5208103;16114;"FORMOSO (GO)";"GO";"Formoso";"Norte"
5208152;16115;"GAMELEIRA DE GOIAS (GO)";"GO";"Gameleira de Goias";"Estrada de Ferro"
5209952;16130;"INDIARA (GO)";"GO";"Indiara";"Morrinhos - GO"
5210109;16132;"IPAMERI (GO)";"GO";"Ipameri";"Estrada de Ferro"
5211503;16079;"ITUMBIARA (GO)";"GO";"Itumbiara";"Morrinhos - GO"
5211701;16130;"JANDAIA (GO)";"GO";"Jandaia";"Sudoeste"
5212105;16146;"JOVIANIA (GO)";"GO";"Joviania";"Morrinhos - GO"
5211909;16056;"JATAI (GO)";"GO";"Jatai";"Sudoeste"
5212808;16048;"MARA ROSA (GO)";"GO";"Mara Rosa";"Norte"
5213087;16152;"MINACU (GO)";"GO";"Minacu";"Norte"
5213103;16057;"MINEIROS (GO)";"GO";"Mineiros";"Sudoeste"
5213707;16155;"MONTES CLAROS DE GOIAS (GO)";"GO";"Montes Claros de Goias";"Médio Araguaia do Goias"
5213772;16114;"MONTIVIDIU DO NORTE (GO)";"GO";"Montividiu do Norte";"Norte"
5213806;16156;"MORRINHOS (GO)";"GO";"Morrinhos";"Morrinhos - GO"
5214051;16101;"MUNDO NOVO (GO)";"GO";"Mundo Novo";"Norte"
5214101;16159;"MUTUNOPOLIS (GO)";"GO";"Mutunopolis";"Norte"
5214838;16101;"NOVA CRIXAS (GO)";"GO";"Nova Crixas";"Norte"
5215256;16167;"NOVO PLANALTO (GO)";"GO";"Novo Planalto";"Norte"
5215306;16168;"ORIZONA (GO)";"GO";"Orizona";"Estrada de Ferro"
5215603;16171;"PADRE BERNARDO (GO)";"GO";"Padre Bernardo";"Nordeste Goiano, DF e Entorno"
5215702;16095;"PALMEIRAS DE GOIAS (GO)";"GO";"Palmeiras de Goias";"Sudoeste"
5215900;16173;"PALMINOPOLIS (GO)";"GO";"Palminopolis";"Sudoeste"
5216007;16174;"PANAMA (GO)";"GO";"Panama";"Morrinhos - GO"
5216403;16176;"PARAUNA (GO)";"GO";"Parauna";"Sudoeste"
5216452;16056;"PEROLANDIA (GO)";"GO";"Perolandia";"Sudoeste"
5217104;16178;"PIRACANJUBA (GO)";"GO";"Piracanjuba";"Estrada de Ferro"
5217203;16061;"PIRANHAS (GO)";"GO";"Piranhas";"Médio Araguaia do Goias"
5217401;16180;"PIRES DO RIO (GO)";"GO";"Pires do Rio";"Estrada de Ferro"
5217609;16043;"PLANALTINA (GO)";"GO";"Planaltina";"Nordeste Goiano, DF e Entorno"
5217708;16181;"PONTALINA (GO)";"GO";"Pontalina";"Morrinhos - GO"
5218003;16071;"PORANGATU (GO)";"GO";"Porangatu";"Norte"
5218805;16090;"RIO VERDE (GO)";"GO";"Rio Verde";"Sudoeste"
5218508;16122;"QUIRINOPOLIS (GO)";"GO";"Quirinopolis";"Sudoeste"
5219308;16189;"SANTA HELENA DE GOIAS (GO)";"GO";"Santa Helena de Goias";"Sudoeste"
5220207;16167;"SAO MIGUEL DO ARAGUAIA (GO)";"GO";"Sao Miguel do Araguaia";"Norte"
5220603;16115;"SILVANIA (GO)";"GO";"Silvania";"Estrada de Ferro"
5221551;16041;"TURVELANDIA (GO)";"GO";"Turvelandia";"Sudoeste"
5221452;16114;"TROMBAS (GO)";"GO";"Trombas";"Norte"
5221502;16200;"TURVANIA (GO)";"GO";"Turvania";"Sudoeste"
5221577;16101;"UIRAPURU (GO)";"GO";"Uirapuru";"Norte"
5221601;16084;"URUACU (GO)";"GO";"Uruacu";"Norte"
5222005;16204;"VIANOPOLIS (GO)";"GO";"Vianopolis";"Estrada de Ferro"
5222054;16181;"VICENTINOPOLIS (GO)";"GO";"Vicentinopolis";"Morrinhos - GO"
5222203;16113;"VILA BOA (GO)";"GO";"Vila Boa";"Nordeste Goiano, DF e Entorno"
